from_node_token,to_node_token,deprel,label,doc_id,from_node_Number,from_node_lemma,from_node_upos,from_node_xpos,from_node_VerbForm,to_node_Gender,to_node_Number,to_node_lemma,to_node_upos,to_node_xpos,from_node_Gender,from_node_Tense,from_node_Mood,from_node_Person,from_node_PronType,to_node_PronType,to_node_Person,from_node_NumType,to_node_NumType
time.n.08,now,,EQU,it/p96/d1684,,,,,,,,,,,,,,,,,,,
felice.a.01,time.n.08,,Time,it/p96/d1684,Sing,felice,ADJ,A,,,,,,,,,,,,,,,
cercare.v.01,casa.n.01,obj,Theme,it/p96/d2897,,cercare,VERB,V,Inf,Fem,Sing,casa,NOUN,S,,,,,,,,,
time.n.08,now,,EQU,it/p96/d2897,,,,,,,,,,,,,,,,,,,
stressante.a.01,time.n.08,,Time,it/p96/d2897,Sing,stressante,ADJ,A,,,,,,,,,,,,,,,
female.n.02,Tom,,Name,it/p96/d3140,,Tom,PROPN,SP,,,,,,,,,,,,,,,
time.n.08,now,,EQU,it/p96/d3140,,,,,,,,,,,,,,,,,,,
giovane.a.01,time.n.08,,Time,it/p96/d3140,Sing,giovane,ADJ,A,,,,,,,,,,,,,,,
giovane.a.01,female.n.02,nsubj,AttributeOf,it/p96/d3140,Sing,giovane,ADJ,A,,,,Tom,PROPN,SP,,,,,,,,,
schiaffeggiare.v.01,time.n.08,,Time,it/p96/d0858,Sing,schiaffeggiare,VERB,V,Part,,,,,,Masc,Past,,,,,,,
time.n.08,now,,TPR,it/p96/d0858,,,,,,,,,,,,,,,,,,,
female.n.02,Tom,,Name,it/p96/d2029,,Tom,PROPN,SP,,,,,,,,,,,,,,,
geloso.a.01,time.n.08,,Time,it/p96/d2029,Sing,geloso,ADJ,A,,,,,,,Masc,,,,,,,,
geloso.a.01,molto.r.01,advmod,Degree,it/p96/d2029,Sing,geloso,ADJ,A,,,,molto,ADV,B,Masc,,,,,,,,
time.n.08,now,,EQU,it/p96/d2864,,,,,,,,,,,,,,,,,,,
abbaiare.v.01,time.n.08,,Time,it/p96/d2864,,abbaiare,VERB,V,Ger,,,,,,,,,,,,,,
female.n.02,Tom,,Name,it/p96/d2865,,Tom,PROPN,SP,,,,,,,,,,,,,,,
giocare.v.01,female.n.02,nsubj,Agent,it/p96/d2865,Sing,giocare,VERB,V,Fin,,,Tom,PROPN,SP,,Pres,Ind,3,,,,,
giocare.v.01,time.n.08,,Time,it/p96/d2865,Sing,giocare,VERB,V,Fin,,,,,,,Pres,Ind,3,,,,,
giocare.v.01,hockey.n.01,obl,Theme,it/p96/d2865,Sing,giocare,VERB,V,Fin,Masc,,hockey,NOUN,S,,Pres,Ind,3,,,,,
time.n.08,now,,EQU,it/p96/d2865,,,,,,,,,,,,,,,,,,,
time.n.08,now,,EQU,it/p96/d2883,,,,,,,,,,,,,,,,,,,
dolce.a.01,banana.n.02,nsubj,AttributeOf,it/p96/d2883,Sing,dolce,ADJ,A,,Fem,Sing,banana,NOUN,S,,,,,,,,,
dolce.a.01,time.n.08,,Time,it/p96/d2883,Sing,dolce,ADJ,A,,,,,,,,,,,,,,,
person.n.01,speaker,,EQU,it/p96/d1428,Sing,io,PRON,PE,,,,,,,,,,1,Prs,,,,
fiero.a.01,time.n.08,,Time,it/p96/d1428,Sing,fiero,ADJ,A,,,,,,,Masc,,,,,,,,
person.n.01,hearer,,EQU,it/p96/d1428,Sing,tu,PRON,PE,,,,,,,,,,2,Prs,,,,
time.n.08,now,,EQU,it/p96/d1639,,,,,,,,,,,,,,,,,,,
bello.a.01,vagina.n.01,nsubj,AttributeOf,it/p96/d1639,Sing,bello,ADJ,A,,Fem,Sing,vagina,NOUN,S,Fem,,,,,,,,
bello.a.01,time.n.08,,Time,it/p96/d1639,Sing,bello,ADJ,A,,,,,,,Fem,,,,,,,,
cantante.n.01,time.n.08,,Time,it/p96/d2273,Sing,cantante,NOUN,S,,,,,,,,,,,,,,,
female.n.02,Tom,,Name,it/p96/d3526,,Tom,PROPN,SP,,,,,,,,,,,,,,,
time.n.08,now,,EQU,it/p96/d3526,,,,,,,,,,,,,,,,,,,
allergico.a.01,time.n.08,,Time,it/p96/d3526,Sing,allergico,ADJ,A,,,,,,,Masc,,,,,,,,
allergico.a.01,grano.n.01,obl,Stimulus,it/p96/d3526,Sing,allergico,ADJ,A,,Masc,Sing,grano,NOUN,S,Masc,,,,,,,,
tennista.n.01,time.n.08,,Time,it/p96/d2691,Sing,tennista,NOUN,S,,,,,,,Masc,,,,,,,,
time.n.08,now,,EQU,it/p96/d2691,,,,,,,,,,,,,,,,,,,
person.n.01,speaker,,EQU,it/p96/d0945,Sing,mi,PRON,PC,,,,,,,,,,1,Prs,,,,
capire.v.01,time.n.08,,Time,it/p96/d0945,Sing,capire,VERB,V,Fin,,,,,,,Imp,Ind,3,,,,,
time.n.08,now,,TPR,it/p96/d0945,,,,,,,,,,,,,,,,,,,
scavare.v.01,time.n.08,,Time,it/p96/d0839,Sing,scavare,VERB,V,Part,,,,,,Masc,Past,,,,,,,
time.n.08,now,,TPR,it/p96/d0839,,,,,,,,,,,,,,,,,,,
person.n.01,speaker,,EQU,it/p79/d2766,Sing,io,PRON,PE,,,,,,,,,,1,Prs,,,,
time.n.08,now,,TPR,it/p79/d2766,,,,,,,,,,,,,,,,,,,
disarmare.v.01,time.n.08,,Time,it/p79/d2766,Sing,disarmare,VERB,V,Part,,,,,,Masc,Past,,,,,,,
female.n.02,Tom,,Name,it/p79/d3299,,Tom,PROPN,SP,,,,,,,,,,,,,,,
sorrire.v.01,female.n.02,nsubj,Agent,it/p79/d3299,Sing,sorrire,VERB,V,Fin,,,Tom,PROPN,SP,,Past,Ind,3,,,,,
sorrire.v.01,time.n.08,,Time,it/p79/d3299,Sing,sorrire,VERB,V,Fin,,,,,,,Past,Ind,3,,,,,
time.n.08,now,,TPR,it/p79/d3299,,,,,,,,,,,,,,,,,,,
stilista.n.01,time.n.08,,Time,it/p79/d0763,Sing,stilista,NOUN,S,,,,,,,,,,,,,,,
time.n.08,now,,EQU,it/p79/d0763,,,,,,,,,,,,,,,,,,,
suonare.v.01,time.n.08,,Time,it/p79/d2906,Sing,suonare,VERB,V,Fin,,,,,,,Past,Ind,3,,,,,
suonare.v.01,sirena.n.01,obj,Theme,it/p79/d2906,Sing,suonare,VERB,V,Fin,Fem,Sing,sirena,NOUN,S,,Past,Ind,3,,,,,
time.n.08,now,,TPR,it/p79/d2906,,,,,,,,,,,,,,,,,,,
person.n.01,speaker,,EQU,it/p79/d0767,Sing,mi,PRON,PC,,,,,,,,,,1,Prs,,,,
capire.v.01,time.n.08,,Time,it/p79/d0767,Sing,capire,VERB,V,Fin,,,,,,,Pres,Ind,3,,,,,
time.n.08,now,,EQU,it/p79/d0767,,,,,,,,,,,,,,,,,,,
female.n.02,Tom,,Name,it/p79/d3330,,Tom,PROPN,SP,,,,,,,,,,,,,,,
spaventare.v.01,time.n.08,,Time,it/p79/d3330,Sing,spaventare,VERB,V,Fin,,,,,,,Pres,Ind,3,,,,,
time.n.08,now,,EQU,it/p79/d3330,,,,,,,,,,,,,,,,,,,
time.n.08,now,,TPR,it/p79/d1587,,,,,,,,,,,,,,,,,,,
aprire.v.01,time.n.08,,Time,it/p79/d1587,Sing,aprire,VERB,V,Part,,,,,,Fem,Past,,,,,,,
time.n.08,now,,EQU,it/p79/d3426,,,,,,,,,,,,,,,,,,,
facile.a.01,time.n.08,,Time,it/p79/d3426,Sing,facile,ADJ,A,,,,,,,,,,,,,,,
female.n.02,Tom,,Name,it/p79/d2843,,Tom,PROPN,SP,,,,,,,,,,,,,,,
time.n.08,now,,TPR,it/p79/d2843,,,,,,,,,,,,,,,,,,,
pugnalare.v.01,time.n.08,,Time,it/p79/d2843,Sing,pugnalare,VERB,V,Part,,,,,,Masc,Past,,,,,,,
time.n.08,now,,TPR,it/p79/d0760,,,,,,,,,,,,,,,,,,,
arrestare.v.01,time.n.08,,Time,it/p79/d0760,Sing,arrestare,VERB,V,Part,,,,,,Masc,Past,,,,,,,
female.n.02,Tom,,Name,it/p79/d2849,,Tom,PROPN,SP,,,,,,,,,,,,,,,
time.n.08,now,,EQU,it/p79/d2849,,,,,,,,,,,,,,,,,,,
innovativo.a.01,female.n.02,nsubj,AttributeOf,it/p79/d2849,Sing,innovativo,ADJ,A,,,,Tom,PROPN,SP,Masc,,,,,,,,
innovativo.a.01,time.n.08,,Time,it/p79/d2849,Sing,innovativo,ADJ,A,,,,,,,Masc,,,,,,,,
female.n.02,Tom,,Name,it/p79/d3500,,Tom,PROPN,SP,,,,,,,,,,,,,,,
alzare.v.01,time.n.08,,Time,it/p79/d3500,Sing,alzare,VERB,V,Part,,,,,,Masc,Past,,,,,,,
attore.n.01,time.n.08,,Time,it/p79/d0885,Sing,attore,NOUN,S,,,,,,,Masc,,,,,,,,
time.n.08,now,,EQU,it/p79/d0885,,,,,,,,,,,,,,,,,,,
costare.v.01,biglietto.n.01,nsubj,Theme,it/p79/d2820,Sing,costare,VERB,V,Fin,Masc,Sing,biglietto,NOUN,S,,Pres,Ind,3,,,,,
sparare.v.01,time.n.08,,Time,it/p79/d2314,Sing,sparare,VERB,V,Fin,,,,,,,Past,Ind,3,,,,,
time.n.08,now,,TPR,it/p79/d2314,,,,,,,,,,,,,,,,,,,
vivere.v.01,millione.n.01,nsubj,Theme,it/p79/d0886,Plur,vivere,VERB,V,Fin,Masc,Plur,millione,NOUN,S,,Pres,Ind,3,,,,,
corridore.n.01,time.n.08,,Time,it/p79/d2415,Sing,corridore,NOUN,S,,,,,,,Masc,,,,,,,,
time.n.08,now,,EQU,it/p79/d2415,,,,,,,,,,,,,,,,,,,
applaudire.v.01,time.n.08,,Time,it/p79/d2358,Plur,applaudire,VERB,V,Fin,,,,,,,Pres,Ind,3,,,,,
time.n.08,now,,EQU,it/p79/d2358,,,,,,,,,,,,,,,,,,,
female.n.02,Tom,,Name,it/p98/d2348,,Tom,PROPN,SP,,,,,,,,,,,,,,,
preparare.v.01,female.n.02,nsubj,Agent,it/p98/d2348,Sing,preparare,VERB,V,Fin,,,Tom,PROPN,SP,,Past,Ind,3,,,,,
preparare.v.01,time.n.08,,Time,it/p98/d2348,Sing,preparare,VERB,V,Fin,,,,,,,Past,Ind,3,,,,,
time.n.08,now,,TPR,it/p98/d2348,,,,,,,,,,,,,,,,,,,
camminare.v.01,time.n.08,,Time,it/p98/d1869,Sing,camminare,VERB,V,Fin,,,,,,,Pres,Ind,3,,,,,
camminare.v.01,female.n.02,obl,Location,it/p98/d1869,Sing,camminare,VERB,V,Fin,,,Los,PROPN,SP,,Pres,Ind,3,,,,,
time.n.08,now,,EQU,it/p98/d1869,,,,,,,,,,,,,,,,,,,
female.n.02,Los,,Name,it/p98/d1869,,Los,PROPN,SP,,,,,,,,,,,,,,,
sparare.v.01,time.n.08,,Time,it/p98/d3299,Sing,sparare,VERB,V,Fin,,,,,,,Past,Ind,3,,,,,
time.n.08,now,,TPR,it/p98/d3299,,,,,,,,,,,,,,,,,,,
sciatore.n.01,time.n.08,,Time,it/p98/d2556,Sing,sciatore,NOUN,S,,,,,,,Masc,,,,,,,,
time.n.08,now,,EQU,it/p98/d2556,,,,,,,,,,,,,,,,,,,
female.n.02,Tom,,Name,it/p98/d3003,,Tom,PROPN,SP,,,,,,,,,,,,,,,
attaccare.v.01,female.n.02,nsubj,Agent,it/p98/d3003,Sing,attaccare,VERB,V,Fin,,,Tom,PROPN,SP,,Past,Ind,3,,,,,
attaccare.v.01,time.n.08,,Time,it/p98/d3003,Sing,attaccare,VERB,V,Fin,,,,,,,Past,Ind,3,,,,,
attaccare.v.01,corda.n.01,obj,Theme,it/p98/d3003,Sing,attaccare,VERB,V,Fin,Fem,Sing,corda,NOUN,S,,Past,Ind,3,,,,,
time.n.08,now,,TPR,it/p98/d3003,,,,,,,,,,,,,,,,,,,
female.n.02,John,,Name,it/p98/d0794,,John,PROPN,SP,,,,,,,,,,,,,,,
ereditare.v.01,female.n.02,nsubj,Agent,it/p98/d0794,Sing,ereditare,VERB,V,Part,,,John,PROPN,SP,Masc,Past,,,,,,,
person.n.01,speaker,,EQU,it/p98/d1717,Sing,mi,PRON,PC,,,,,,,,,,1,Prs,,,,
female.n.02,William,,Name,it/p98/d1722,,William,PROPN,SP,,,,,,,,,,,,,,,
incontrare.v.01,time.n.08,,Time,it/p98/d1722,Sing,incontrare,VERB,V,Part,,,,,,Masc,Past,,,,,,,
time.n.08,now,,TPR,it/p98/d1722,,,,,,,,,,,,,,,,,,,
female.n.02,Grace,,Name,it/p98/d1722,,Grace,PROPN,SP,,,,,,,,,,,,,,,
stuntman.n.01,time.n.08,,Time,it/p65/d3495,,stuntman,NOUN,S,,,,,,,Masc,,,,,,,,
time.n.08,now,,EQU,it/p65/d3495,,,,,,,,,,,,,,,,,,,
female.n.02,Tom,,Name,it/p65/d2171,,Tom,PROPN,SP,,,,,,,,,,,,,,,
sbadigliare.v.01,female.n.02,nsubj,Agent,it/p65/d2171,Sing,sbadigliare,VERB,V,Part,,,Tom,PROPN,SP,Masc,Past,,,,,,,
sbadigliare.v.01,time.n.08,,Time,it/p65/d2171,Sing,sbadigliare,VERB,V,Part,,,,,,Masc,Past,,,,,,,
time.n.08,now,,TPR,it/p65/d2171,,,,,,,,,,,,,,,,,,,
soffrire.v.01,time.n.08,,Time,it/p65/d0811,Sing,soffrire,VERB,V,Fin,,,,,,,Pres,Ind,3,,,,,
time.n.08,now,,EQU,it/p65/d0811,,,,,,,,,,,,,,,,,,,
time.n.08,now,,EQU,it/p65/d1668,,,,,,,,,,,,,,,,,,,
razionale.a.01,niente.n.01,nsubj,AttributeOf,it/p65/d1668,Sing,razionale,ADJ,A,,Masc,Sing,niente,PRON,PI,,,,,,Ind,,,
razionale.a.01,time.n.08,,Time,it/p65/d1668,Sing,razionale,ADJ,A,,,,,,,,,,,,,,,
female.n.02,Tom,,Name,it/p65/d3533,,Tom,PROPN,SP,,,,,,,,,,,,,,,
time.n.08,now,,EQU,it/p65/d3533,,,,,,,,,,,,,,,,,,,
fumare.v.01,female.n.02,nsubj,Agent,it/p65/d3533,,fumare,VERB,V,Ger,,,Tom,PROPN,SP,,,,,,,,,
fumare.v.01,time.n.08,,Time,it/p65/d3533,,fumare,VERB,V,Ger,,,,,,,,,,,,,,
female.n.02,Tom,,Name,it/p65/d2926,,Tom,PROPN,SP,,,,,,,,,,,,,,,
time.n.08,now,,EQU,it/p65/d2926,,,,,,,,,,,,,,,,,,,
mungendo.v.01,female.n.02,nsubj,Agent,it/p65/d2926,,mungendo,VERB,V,Ger,,,Tom,PROPN,SP,,,,,,,,,
mungendo.v.01,time.n.08,,Time,it/p65/d2926,,mungendo,VERB,V,Ger,,,,,,,,,,,,,,
time.n.08,now,,EQU,it/p65/d1440,,,,,,,,,,,,,,,,,,,
masticare.v.01,time.n.08,,Time,it/p65/d1440,,masticare,VERB,V,Ger,,,,,,,,,,,,,,
morire.v.01,time.n.08,,Time,it/p38/d1392,Sing,morire,VERB,V,Fin,,,,,,,Past,Ind,3,,,,,
time.n.08,now,,TPR,it/p38/d1392,,,,,,,,,,,,,,,,,,,
female.n.02,Tom,,Name,it/p38/d2899,,Tom,PROPN,SP,,,,,,,,,,,,,,,
time.n.08,now,,EQU,it/p38/d2899,,,,,,,,,,,,,,,,,,,
brillo.a.01,female.n.02,nsubj,AttributeOf,it/p38/d2899,Sing,brillo,ADJ,A,,,,Tom,PROPN,SP,Masc,,,,,,,,
brillo.a.01,time.n.08,,Time,it/p38/d2899,Sing,brillo,ADJ,A,,,,,,,Masc,,,,,,,,
avere.v.01,time.n.08,,Time,it/p38/d2181,Plur,avere,VERB,V,Fin,,,,,,,Pres,Ind,3,,,,,
time.n.08,now,,EQU,it/p38/d2181,,,,,,,,,,,,,,,,,,,
time.n.08,now,,EQU,it/p38/d3256,,,,,,,,,,,,,,,,,,,
vivo.a.01,nessuno.n.01,nsubj,AttributeOf,it/p38/d3256,Sing,vivo,ADJ,A,,Masc,Sing,nessuno,PRON,PI,Masc,,,,,Ind,,,
vivo.a.01,time.n.08,,Time,it/p38/d3256,Sing,vivo,ADJ,A,,,,,,,Masc,,,,,,,,
female.n.02,Tom,,Name,it/p16/d1903,,Tom,PROPN,SP,,,,,,,,,,,,,,,
divertire.v.01,time.n.08,,Time,it/p16/d1903,Sing,divertire,VERB,V,Part,,,,,,Masc,Past,,,,,,,
time.n.08,now,,EQU,it/p16/d0902,,,,,,,,,,,,,,,,,,,
bussare.v.01,time.n.08,,Time,it/p16/d0902,,bussare,VERB,V,Ger,,,,,,,,,,,,,,
female.n.02,Pinocchio,,Name,it/p16/d3275,,Pinocchio,PROPN,SP,,,,,,,,,,,,,,,
camminare.v.01,time.n.08,,Time,it/p16/d3275,Sing,camminare,VERB,V,Fin,,,,,,,Pres,Ind,3,,,,,
time.n.08,now,,EQU,it/p16/d3275,,,,,,,,,,,,,,,,,,,
female.n.02,Saddam,,Name,it/p16/d0761,,Saddam,PROPN,SP,,,,,,,,,,,,,,,
female.n.02,Tom,,Name,it/p48/d1884,,Tom,PROPN,SP,,,,,,,,,,,,,,,
time.n.08,now,,TPR,it/p48/d1884,,,,,,,,,,,,,,,,,,,
assolvere.v.01,time.n.08,,Time,it/p48/d1884,Sing,assolvere,VERB,V,Part,,,,,,Masc,Past,,,,,,,
time.n.08,now,,EQU,it/p48/d2304,,,,,,,,,,,,,,,,,,,
viola.a.01,time.n.08,,Time,it/p48/d2304,Sing,viola,ADJ,A,,,,,,,Masc,,,,,,,,
person.n.01,speaker,,EQU,it/p48/d0940,Sing,io,PRON,PE,,,,,,,,,,1,Prs,,,,
time.n.08,now,,EQU,it/p48/d0940,,,,,,,,,,,,,,,,,,,
mancino.a.01,person.n.01,nsubj,AttributeOf,it/p48/d0940,Sing,mancino,ADJ,A,,,Sing,io,PRON,PE,Fem,,,,,Prs,1,,
mancino.a.01,time.n.08,,Time,it/p48/d0940,Sing,mancino,ADJ,A,,,,,,,Fem,,,,,,,,
nuotare.v.01,time.n.08,,Time,it/p48/d0837,Sing,nuotare,VERB,V,Part,,,,,,Masc,Past,,,,,,,
time.n.08,now,,TPR,it/p48/d0837,,,,,,,,,,,,,,,,,,,
female.n.02,Tom,,Name,it/p48/d2545,,Tom,PROPN,SP,,,,,,,,,,,,,,,
mangiare.v.01,female.n.02,nsubj,Agent,it/p48/d2545,Sing,mangiare,VERB,V,Fin,,,Tom,PROPN,SP,,Past,Ind,3,,,,,
mangiare.v.01,time.n.08,,Time,it/p48/d2545,Sing,mangiare,VERB,V,Fin,,,,,,,Past,Ind,3,,,,,
time.n.08,now,,TPR,it/p48/d2545,,,,,,,,,,,,,,,,,,,
miagolare.v.01,time.n.08,,Time,it/p48/d3410,Sing,miagolare,VERB,V,Fin,,,,,,,Pres,Ind,3,,,,,
female.n.02,Tom,,Name,it/p48/d2519,,Tom,PROPN,SP,,,,,,,,,,,,,,,
time.n.08,now,,EQU,it/p48/d2519,,,,,,,,,,,,,,,,,,,
livido.a.01,time.n.08,,Time,it/p48/d2519,Sing,livido,ADJ,A,,,,,,,Masc,,,,,,,,
female.n.02,Tom,,Name,it/p48/d2497,,Tom,PROPN,SP,,,,,,,,,,,,,,,
time.n.08,now,,EQU,it/p48/d2497,,,,,,,,,,,,,,,,,,,
bussare.v.01,female.n.02,nsubj,Agent,it/p48/d2497,,bussare,VERB,V,Ger,,,Tom,PROPN,SP,,,,,,,,,
bussare.v.01,time.n.08,,Time,it/p48/d2497,,bussare,VERB,V,Ger,,,,,,,,,,,,,,
female.n.02,Tom,,Name,it/p48/d3108,,Tom,PROPN,SP,,,,,,,,,,,,,,,
suonare.v.01,female.n.02,nsubj,Agent,it/p48/d3108,Sing,suonare,VERB,V,Fin,,,Tom,PROPN,SP,,Imp,Ind,3,,,,,
suonare.v.01,time.n.08,,Time,it/p48/d3108,Sing,suonare,VERB,V,Fin,,,,,,,Imp,Ind,3,,,,,
suonare.v.01,flauto.n.01,obj,Theme,it/p48/d3108,Sing,suonare,VERB,V,Fin,Masc,Sing,flauto,NOUN,S,,Imp,Ind,3,,,,,
time.n.08,now,,TPR,it/p48/d3108,,,,,,,,,,,,,,,,,,,
female.n.02,Tom,,Name,it/p75/d1837,,Tom,PROPN,SP,,,,,,,,,,,,,,,
maleducato.a.01,female.n.02,nsubj,AttributeOf,it/p75/d1837,Sing,maleducato,ADJ,A,,,,Tom,PROPN,SP,Masc,,,,,,,,
maleducato.a.01,time.n.08,,Time,it/p75/d1837,Sing,maleducato,ADJ,A,,,,,,,Masc,,,,,,,,
piano.n.01,quello.n.01,nsubj,Theme,it/p75/d2594,Sing,piano,NOUN,S,,Masc,Sing,quello,PRON,PD,Masc,,,,,Dem,,,
female.n.02,Tom,,Name,it/p75/d2499,,Tom,PROPN,SP,,,,,,,,,,,,,,,
passeggiare.v.01,time.n.08,,Time,it/p75/d2499,,passeggiare,VERB,V,Ger,,,,,,,,,,,,,,
female.n.02,Mary,,Name,it/p75/d2571,,Mary,PROPN,SP,,,,,,,,,,,,,,,
ridacchiare.v.01,female.n.02,nsubj,Agent,it/p75/d2571,Sing,ridacchiare,VERB,V,Part,,,Mary,PROPN,SP,Masc,Past,,,,,,,
ridacchiare.v.01,time.n.08,,Time,it/p75/d2571,Sing,ridacchiare,VERB,V,Part,,,,,,Masc,Past,,,,,,,
time.n.08,now,,TPR,it/p75/d2571,,,,,,,,,,,,,,,,,,,
panettiere.n.01,time.n.08,,Time,it/p75/d0818,Sing,panettiere,NOUN,S,,,,,,,Masc,,,,,,,,
time.n.08,now,,EQU,it/p75/d0818,,,,,,,,,,,,,,,,,,,
time.n.08,now,,EQU,it/p75/d1454,,,,,,,,,,,,,,,,,,,
logico.a.01,time.n.08,,Time,it/p75/d1454,Sing,logico,ADJ,A,,,,,,,Masc,,,,,,,,
female.n.02,Tom,,Name,it/p75/d2743,,Tom,PROPN,SP,,,,,,,,,,,,,,,
time.n.08,now,,EQU,it/p75/d2743,,,,,,,,,,,,,,,,,,,
rivoltante.a.01,female.n.02,nsubj,AttributeOf,it/p75/d2743,Sing,rivoltante,ADJ,A,,,,Tom,PROPN,SP,,,,,,,,,
rivoltante.a.01,time.n.08,,Time,it/p75/d2743,Sing,rivoltante,ADJ,A,,,,,,,,,,,,,,,
sibilare.v.01,time.n.08,,Time,it/p49/d2369,Sing,sibilare,VERB,V,Fin,,,,,,,Pres,Ind,3,,,,,
time.n.08,now,,EQU,it/p49/d2369,,,,,,,,,,,,,,,,,,,
female.n.02,Tom,,Name,it/p49/d2996,,Tom,PROPN,SP,,,,,,,,,,,,,,,
time.n.08,now,,EQU,it/p49/d2996,,,,,,,,,,,,,,,,,,,
allergico.a.01,time.n.08,,Time,it/p49/d2996,Sing,allergico,ADJ,A,,,,,,,Masc,,,,,,,,
allergico.a.01,noce.n.01,obl,Stimulus,it/p49/d2996,Sing,allergico,ADJ,A,,Fem,Plur,noce,NOUN,S,Masc,,,,,,,,
time.n.08,now,,TPR,it/p49/d2909,,,,,,,,,,,,,,,,,,,
bloccare.v.01,time.n.08,,Time,it/p49/d2909,Sing,bloccare,VERB,V,Part,,,,,,Masc,Past,,,,,,,
female.n.02,Mary,,Name,it/p49/d2431,,Mary,PROPN,SP,,,,,,,,,,,,,,,
baciare.v.01,time.n.08,,Time,it/p49/d2431,Sing,baciare,VERB,V,Fin,,,,,,,Past,Ind,3,,,,,
time.n.08,now,,TPR,it/p49/d2431,,,,,,,,,,,,,,,,,,,
female.n.02,Tom,,Name,it/p49/d2431,,Tom,PROPN,SP,,,,,,,,,,,,,,,
assumere.v.01,male.n.02,nsubj,Agent,it/p49/d1939,Sing,assumere,VERB,V,Part,Masc,Sing,lui,PRON,PE,Masc,Past,,,,Prs,3,,
assumere.v.01,time.n.08,,Time,it/p49/d1939,Sing,assumere,VERB,V,Part,,,,,,Masc,Past,,,,,,,
assumere.v.01,investigatore.n.01,obj,Theme,it/p49/d1939,Sing,assumere,VERB,V,Part,Masc,Sing,investigatore,NOUN,S,Masc,Past,,,,,,,
time.n.08,now,,TPR,it/p49/d1939,,,,,,,,,,,,,,,,,,,
euro.n.01,letto.n.01,nsubj,Theme,it/p49/d2950,,euro,NOUN,S,,Masc,Sing,letto,NOUN,S,Masc,,,,,,,,
female.n.02,Tom,,Name,it/p49/d1958,,Tom,PROPN,SP,,,,,,,,,,,,,,,
rubare.v.01,female.n.02,nsubj,Agent,it/p49/d1958,Sing,rubare,VERB,V,Fin,,,Tom,PROPN,SP,,Past,Ind,3,,,,,
cane.n.01,time.n.08,,Time,it/p49/d2368,Sing,cane,NOUN,S,,,,,,,Masc,,,,,,,,
female.n.02,Tom,,Name,it/p49/d2760,,Tom,PROPN,SP,,,,,,,,,,,,,,,
mancare.v.01,female.n.02,nsubj,Agent,it/p49/d2760,Sing,mancare,VERB,V,Fin,,,Tom,PROPN,SP,,Past,Ind,3,,,,,
mancare.v.01,time.n.08,,Time,it/p49/d2760,Sing,mancare,VERB,V,Fin,,,,,,,Past,Ind,3,,,,,
mancare.v.01,uscita.n.01,obj,Theme,it/p49/d2760,Sing,mancare,VERB,V,Fin,Fem,Sing,uscita,NOUN,S,,Past,Ind,3,,,,,
time.n.08,now,,TPR,it/p49/d2760,,,,,,,,,,,,,,,,,,,
female.n.02,Greenpeace,,Name,it/p28/d1391,,Greenpeace,PROPN,SP,,,,,,,,,,,,,,,
time.n.08,now,,TPR,it/p28/d1391,,,,,,,,,,,,,,,,,,,
fondare.v.01,time.n.08,,Time,it/p28/d1391,Sing,fondare,VERB,V,Part,,,,,,Fem,Past,,,,,,,
person.n.01,hearer,,EQU,it/p28/d2828,Sing,tu,PRON,PE,,,,,,,,,,2,Prs,,,,
time.n.08,now,,EQU,it/p28/d2828,,,,,,,,,,,,,,,,,,,
sbronza.n.01,time.n.08,,Time,it/p28/d2828,Sing,sbronza,NOUN,S,,,,,,,Fem,,,,,,,,
tubare.v.01,time.n.08,,Time,it/p28/d1707,Sing,tubare,VERB,V,Fin,,,,,,,Pres,Ind,3,,,,,
time.n.08,now,,EQU,it/p28/d1707,,,,,,,,,,,,,,,,,,,
time.n.08,now,,EQU,it/p28/d2282,,,,,,,,,,,,,,,,,,,
schiamazzare.v.01,time.n.08,,Time,it/p28/d2282,,schiamazzare,VERB,V,Ger,,,,,,,,,,,,,,
female.n.02,Tom,,Name,it/p28/d2332,,Tom,PROPN,SP,,,,,,,,,,,,,,,
time.n.08,now,,EQU,it/p28/d2332,,,,,,,,,,,,,,,,,,,
scortese.a.01,female.n.02,nsubj,AttributeOf,it/p28/d2332,Sing,scortese,ADJ,A,,,,Tom,PROPN,SP,,,,,,,,,
scortese.a.01,time.n.08,,Time,it/p28/d2332,Sing,scortese,ADJ,A,,,,,,,,,,,,,,,
comprare.v.01,time.n.08,,Time,it/p28/d1610,Sing,comprare,VERB,V,Part,,,,,,Masc,Past,,,,,,,
comprare.v.01,agenda.n.01,obj,Theme,it/p28/d1610,Sing,comprare,VERB,V,Part,Fem,Sing,agenda,NOUN,S,Masc,Past,,,,,,,
time.n.08,now,,TPR,it/p28/d1610,,,,,,,,,,,,,,,,,,,
licenziare.v.01,time.n.08,,Time,it/p28/d2119,Sing,licenziare,VERB,V,Part,,,,,,Masc,Past,,,,,,,
time.n.08,now,,TPR,it/p28/d2119,,,,,,,,,,,,,,,,,,,
time.n.08,now,,EQU,it/p28/d1434,,,,,,,,,,,,,,,,,,,
accettabile.a.01,time.n.08,,Time,it/p28/d1434,Sing,accettabile,ADJ,A,,,,,,,,,,,,,,,
time.n.08,now,,EQU,it/p39/d2805,,,,,,,,,,,,,,,,,,,
dormendo.v.01,time.n.08,,Time,it/p39/d2805,,dormendo,VERB,V,Ger,,,,,,,,,,,,,,
female.n.02,Tom,,Name,it/p39/d2571,,Tom,PROPN,SP,,,,,,,,,,,,,,,
time.n.08,now,,EQU,it/p39/d2571,,,,,,,,,,,,,,,,,,,
geloso.a.01,time.n.08,,Time,it/p39/d2571,Sing,geloso,ADJ,A,,,,,,,Masc,,,,,,,,
costare.v.01,libro.n.01,nsubj,Theme,it/p39/d2989,Sing,costare,VERB,V,Fin,Masc,Sing,libro,NOUN,S,,Pres,Ind,3,,,,,
time.n.08,now,,EQU,it/p39/d0918,,,,,,,,,,,,,,,,,,,
intelligente.a.01,ragazzo.n.01,nsubj,AttributeOf,it/p39/d0918,Sing,intelligente,ADJ,A,,Masc,Sing,ragazzo,NOUN,S,,,,,,,,,
intelligente.a.01,time.n.08,,Time,it/p39/d0918,Sing,intelligente,ADJ,A,,,,,,,,,,,,,,,
intelligente.a.01,molto.r.01,advmod,Degree,it/p39/d0918,Sing,intelligente,ADJ,A,,,,molto,ADV,B,,,,,,,,,
selvaggio.a.01,questo.n.01,nsubj,AttributeOf,it/p39/d2421,Sing,selvaggio,ADJ,A,,Masc,Sing,questo,PRON,PD,Masc,,,,,Dem,,,
selvaggio.a.01,time.n.08,,Time,it/p39/d2421,Sing,selvaggio,ADJ,A,,,,,,,Masc,,,,,,,,
female.n.02,Tom,,Name,it/p39/d3172,,Tom,PROPN,SP,,,,,,,,,,,,,,,
allungare.v.01,female.n.02,nsubj,Agent,it/p39/d3172,Sing,allungare,VERB,V,Fin,,,Tom,PROPN,SP,,Past,Ind,3,,,,,
allungare.v.01,cocktail.n.01,obj,Theme,it/p39/d3172,Sing,allungare,VERB,V,Fin,Masc,,cocktail,NOUN,S,,Past,Ind,3,,,,,
female.n.02,GUS,,Name,it/p39/d0760,,GUS,PROPN,SP,,,,,,,,,,,,,,,
vendere.v.01,female.n.02,nsubj,Agent,it/p39/d0760,Sing,vendere,VERB,V,Part,,,GUS,PROPN,SP,Masc,Past,,,,,,,
vendere.v.01,female.n.02,obj,Time,it/p39/d0760,Sing,vendere,VERB,V,Part,,,Wehkamp,PROPN,SP,Masc,Past,,,,,,,
falegname.n.01,time.n.08,,Time,it/p39/d1619,Sing,falegname,NOUN,S,,,,,,,Masc,,,,,,,,
time.n.08,now,,EQU,it/p39/d1619,,,,,,,,,,,,,,,,,,,
female.n.02,Tom,,Name,it/p39/d1553,,Tom,PROPN,SP,,,,,,,,,,,,,,,
time.n.08,now,,TPR,it/p39/d1553,,,,,,,,,,,,,,,,,,,
rapinare.v.01,time.n.08,,Time,it/p39/d1553,Sing,rapinare,VERB,V,Part,,,,,,Masc,Past,,,,,,,
person.n.01,speaker,,EQU,it/p39/d3036,Sing,io,PRON,PE,,,,,,,,,,1,Prs,,,,
scordare.v.01,person.n.01,nsubj,Agent,it/p39/d3036,Sing,scordare,VERB,V,Fin,,Sing,io,PRON,PE,,Pres,Ind,3,,Prs,1,,
scordare.v.01,time.n.08,,Time,it/p39/d3036,Sing,scordare,VERB,V,Fin,,,,,,,Pres,Ind,3,,,,,
scordare.v.01,libro.n.01,obj,Theme,it/p39/d3036,Sing,scordare,VERB,V,Fin,Masc,Sing,libro,NOUN,S,,Pres,Ind,3,,,,,
morire.v.01,time.n.08,,Time,it/p39/d1385,Sing,morire,VERB,V,Fin,,,,,,,Past,Ind,3,,,,,
time.n.08,now,,TPR,it/p39/d1385,,,,,,,,,,,,,,,,,,,
abbracciare.v.01,time.n.08,,Time,it/p39/d1526,Sing,abbracciare,VERB,V,Part,,,,,,Masc,Past,,,,,,,
time.n.08,now,,TPR,it/p39/d1526,,,,,,,,,,,,,,,,,,,
person.n.01,speaker,,EQU,it/p39/d3526,Sing,io,PRON,PE,,,,,,,,,,1,Prs,,,,
lavorare.v.01,person.n.01,nsubj,Agent,it/p39/d3526,,lavorare,VERB,V,Ger,,Sing,io,PRON,PE,,,,,,Prs,1,,
time.n.08,now,,EQU,it/p85/d1577,,,,,,,,,,,,,,,,,,,
intelligente.a.01,female.n.02,nsubj,AttributeOf,it/p85/d1577,Sing,intelligente,ADJ,A,,Fem,Sing,lei,PRON,PE,,,,,,Prs,3,,
intelligente.a.01,time.n.08,,Time,it/p85/d1577,Sing,intelligente,ADJ,A,,,,,,,,,,,,,,,
female.n.02,Tom,,Name,it/p85/d2911,,Tom,PROPN,SP,,,,,,,,,,,,,,,
time.n.08,now,,EQU,it/p85/d2911,,,,,,,,,,,,,,,,,,,
sonnecchiando.v.01,female.n.02,nsubj,Agent,it/p85/d2911,,sonnecchiando,VERB,V,Ger,,,Tom,PROPN,SP,,,,,,,,,
sonnecchiando.v.01,time.n.08,,Time,it/p85/d2911,,sonnecchiando,VERB,V,Ger,,,,,,,,,,,,,,
person.n.01,hearer,,EQU,it/p85/d1670,Plur,voi,PRON,PE,,,,,,,,,,2,Prs,,,,
time.n.08,now,,EQU,it/p85/d1670,,,,,,,,,,,,,,,,,,,
lavorare.v.01,time.n.08,,Time,it/p85/d1670,,lavorare,VERB,V,Ger,,,,,,,,,,,,,,
person.n.01,speaker,,EQU,it/p85/d1670,Plur,noi,PRON,PE,,,,,,,,,,1,Prs,,,,
female.n.02,Tom,,Name,it/p85/d0940,,Tom,PROPN,SP,,,,,,,,,,,,,,,
time.n.08,now,,EQU,it/p85/d0940,,,,,,,,,,,,,,,,,,,
forte.a.01,female.n.02,nsubj,AttributeOf,it/p85/d0940,Sing,forte,ADJ,A,,,,Tom,PROPN,SP,,,,,,,,,
forte.a.01,time.n.08,,Time,it/p85/d0940,Sing,forte,ADJ,A,,,,,,,,,,,,,,,
female.n.02,Tom,,Name,it/p85/d2285,,Tom,PROPN,SP,,,,,,,,,,,,,,,
riservare.v.01,time.n.08,,Time,it/p85/d2285,Sing,riservare,VERB,V,Part,,,,,,Masc,Past,,,,,,,
female.n.02,Fulham,,Name,it/p85/d0712,,Fulham,PROPN,SP,,,,,,,,,,,,,,,
time.n.08,now,,TPR,it/p85/d2244,,,,,,,,,,,,,,,,,,,
sedurre.v.01,time.n.08,,Time,it/p85/d2244,Sing,sedurre,VERB,V,Part,,,,,,Masc,Past,,,,,,,
sedurre.v.01,female.n.02,obl:agent,Agent,it/p85/d2244,Sing,sedurre,VERB,V,Part,,,Mary,PROPN,SP,Masc,Past,,,,,,,
female.n.02,Mary,,Name,it/p85/d2244,,Mary,PROPN,SP,,,,,,,,,,,,,,,
volare.v.01,pesce.n.01,nsubj,Theme,it/p85/d1456,Plur,volare,VERB,V,Fin,Masc,Plur,pesce,NOUN,S,,Pres,Ind,3,,,,,
volare.v.01,time.n.08,,Time,it/p85/d1456,Plur,volare,VERB,V,Fin,,,,,,,Pres,Ind,3,,,,,
time.n.08,now,,EQU,it/p85/d1456,,,,,,,,,,,,,,,,,,,
indossare.v.01,time.n.08,,Time,it/p86/d1870,,indossare,VERB,V,Ger,,,,,,,,,,,,,,
time.n.08,now,,EQU,it/p86/d2287,,,,,,,,,,,,,,,,,,,
delizioso.a.01,torta.n.01,nsubj,AttributeOf,it/p86/d2287,Sing,delizioso,ADJ,A,,Fem,Sing,torta,NOUN,S,Fem,,,,,,,,
delizioso.a.01,time.n.08,,Time,it/p86/d2287,Sing,delizioso,ADJ,A,,,,,,,Fem,,,,,,,,
female.n.02,BSN,,Name,it/p86/d0717,,BSN,PROPN,SP,,,,,,,,,,,,,,,
comprare.v.01,female.n.02,nsubj,Agent,it/p86/d0717,Sing,comprare,VERB,V,Fin,,,BSN,PROPN,SP,,Past,Ind,3,,,,,
comprare.v.01,female.n.02,obj,Time,it/p86/d0717,Sing,comprare,VERB,V,Fin,,,RJR,PROPN,SP,,Past,Ind,3,,,,,
female.n.02,Tom,,Name,it/p86/d2159,,Tom,PROPN,SP,,,,,,,,,,,,,,,
time.n.08,now,,TPR,it/p86/d2159,,,,,,,,,,,,,,,,,,,
mangiare.v.01,time.n.08,,Time,it/p86/d2159,Sing,mangiare,VERB,V,Part,,,,,,Masc,Past,,,,,,,
mangiare.v.01,tigre.n.01,obl:agent,Agent,it/p86/d2159,Sing,mangiare,VERB,V,Part,Fem,Sing,tigre,NOUN,S,Masc,Past,,,,,,,
comprare.v.01,time.n.08,,Time,it/p86/d2546,Sing,comprare,VERB,V,Part,,,,,,Masc,Past,,,,,,,
comprare.v.01,cappello.n.01,obj,Theme,it/p86/d2546,Sing,comprare,VERB,V,Part,Masc,Sing,cappello,NOUN,S,Masc,Past,,,,,,,
time.n.08,now,,TPR,it/p86/d2546,,,,,,,,,,,,,,,,,,,
person.n.01,speaker,,EQU,it/p86/d2054,Plur,noi,PRON,PE,,,,,,,,,,1,Prs,,,,
time.n.08,now,,EQU,it/p86/d2054,,,,,,,,,,,,,,,,,,,
perfetto.a.01,nessuno.n.01,nsubj,AttributeOf,it/p86/d2054,Sing,perfetto,ADJ,A,,Fem,Sing,nessuno,PRON,PI,Fem,,,,,Ind,,,
perfetto.a.01,time.n.08,,Time,it/p86/d2054,Sing,perfetto,ADJ,A,,,,,,,Fem,,,,,,,,
female.n.02,Tom,,Name,it/p86/d3481,,Tom,PROPN,SP,,,,,,,,,,,,,,,
time.n.08,now,,EQU,it/p86/d3481,,,,,,,,,,,,,,,,,,,
infelice.a.01,time.n.08,,Time,it/p86/d3481,Sing,infelice,ADJ,A,,,,,,,,,,,,,,,
infelice.a.01,estremamente.r.01,advmod,Degree,it/p86/d3481,Sing,infelice,ADJ,A,,,,estremamente,ADV,B,,,,,,,,,
time.n.08,now,,EQU,it/p86/d0907,,,,,,,,,,,,,,,,,,,
affondare.v.01,time.n.08,,Time,it/p86/d0907,,affondare,VERB,V,Ger,,,,,,,,,,,,,,
incollare.v.01,bagagliaio.n.01,obl,Theme,it/p86/d2215,Sing,incollare,VERB,V,Part,Masc,Sing,bagagliaio,NOUN,S,Fem,Past,,,,,,,
incollare.v.01,time.n.08,,Time,it/p86/d2215,Sing,incollare,VERB,V,Part,,,,,,Fem,Past,,,,,,,
bevettere.v.01,time.n.08,,Time,it/p86/d0915,Sing,bevettere,VERB,V,Fin,,,,,,,Pres,Ind,3,,,,,
time.n.08,now,,EQU,it/p27/d2592,,,,,,,,,,,,,,,,,,,
chef.n.01,time.n.08,,Time,it/p27/d2756,,chef,NOUN,S,,,,,,,Masc,,,,,,,,
time.n.08,now,,EQU,it/p27/d2756,,,,,,,,,,,,,,,,,,,
disperdere.v.01,time.n.08,,Time,it/p27/d2192,Sing,disperdere,VERB,V,Part,,,,,,Masc,Past,,,,,,,
time.n.08,now,,TPR,it/p27/d2192,,,,,,,,,,,,,,,,,,,
person.n.01,speaker,,EQU,it/p27/d3021,Sing,io,PRON,PE,,,,,,,,,,1,Prs,,,,
volere.v.01,time.n.08,,Time,it/p27/d3021,Sing,volere,VERB,V,Fin,,,,,,,Pres,Ind,1,,,,,
volere.v.01,latte.n.01,obl,Theme,it/p27/d3021,Sing,volere,VERB,V,Fin,Masc,,latte,NOUN,S,,Pres,Ind,1,,,,,
time.n.08,now,,EQU,it/p27/d3021,,,,,,,,,,,,,,,,,,,
female.n.02,Sylvia,,Name,it/p27/d0761,,Sylvia,PROPN,SP,,,,,,,,,,,,,,,
moglie.n.01,female.n.02,nsubj,Theme,it/p27/d0761,Sing,moglie,NOUN,S,,,,Sylvia,PROPN,SP,Fem,,,,,,,,
moglie.n.01,female.n.02,nmod,Time,it/p27/d0761,Sing,moglie,NOUN,S,,,,Andy,PROPN,SP,Fem,,,,,,,,
female.n.02,Argentina,,Name,it/p27/d0712,,Argentina,PROPN,SP,,,,,,,,,,,,,,,
nascere.v.01,time.n.08,,Time,it/p27/d0712,Sing,nascere,VERB,V,Fin,,,,,,,Past,Ind,3,,,,,
time.n.08,now,,TPR,it/p27/d0712,,,,,,,,,,,,,,,,,,,
female.n.02,Leloir,,Name,it/p27/d0712,,Leloir,PROPN,SP,,,,,,,,,,,,,,,
female.n.02,El,,Name,it/p27/d0760,,El,PROPN,SP,,,,,,,,,,,,,,,
mordere.v.01,time.n.08,,Time,it/p27/d1900,Sing,mordere,VERB,V,Part,,,,,,Masc,Past,,,,,,,
time.n.08,now,,TPR,it/p27/d1900,,,,,,,,,,,,,,,,,,,
acquistare.v.01,time.n.08,,Time,it/p27/d0766,Sing,acquistare,VERB,V,Fin,,,,,,,Past,Ind,3,,,,,
acquistare.v.01,fabbrica.n.01,obj,Theme,it/p27/d0766,Sing,acquistare,VERB,V,Fin,Fem,Plur,fabbrica,NOUN,S,,Past,Ind,3,,,,,
time.n.08,now,,TPR,it/p27/d0766,,,,,,,,,,,,,,,,,,,
passare.v.01,foto.n.01,obj,Theme,it/p27/d2050,Sing,passare,VERB,V,Fin,Fem,,foto,NOUN,S,,Past,Ind,3,,,,,
female.n.02,Mary,,Name,it/p27/d1961,,Mary,PROPN,SP,,,,,,,,,,,,,,,
time.n.08,now,,EQU,it/p27/d1961,,,,,,,,,,,,,,,,,,,
baciando.v.01,time.n.08,,Time,it/p27/d1961,,baciando,VERB,V,Ger,,,,,,,,,,,,,,
female.n.02,Tom,,Name,it/p27/d1961,,Tom,PROPN,SP,,,,,,,,,,,,,,,
soffrire.v.01,time.n.08,,Time,it/p17/d1697,Sing,soffrire,VERB,V,Fin,,,,,,,Pres,Ind,3,,,,,
time.n.08,now,,EQU,it/p17/d1697,,,,,,,,,,,,,,,,,,,
female.n.02,Tom,,Name,it/p17/d1980,,Tom,PROPN,SP,,,,,,,,,,,,,,,
vincere.v.01,female.n.02,nsubj,Agent,it/p17/d1980,Sing,vincere,VERB,V,Fin,,,Tom,PROPN,SP,,Past,Ind,3,,,,,
vincere.v.01,time.n.08,,Time,it/p17/d1980,Sing,vincere,VERB,V,Fin,,,,,,,Past,Ind,3,,,,,
vincere.v.01,lotteria.n.01,obj,Theme,it/p17/d1980,Sing,vincere,VERB,V,Fin,Fem,Sing,lotteria,NOUN,S,,Past,Ind,3,,,,,
time.n.08,now,,TPR,it/p17/d1980,,,,,,,,,,,,,,,,,,,
female.n.02,Chabrol,,Name,it/p17/d0711,,Chabrol,PROPN,SP,,,,,,,,,,,,,,,
dirigere.v.01,female.n.02,nsubj:pass,Time,it/p17/d0711,Sing,dirigere,VERB,V,Part,,,Beau,PROPN,SP,Masc,Past,,,,,,,
cantante.n.01,time.n.08,,Time,it/p17/d1672,Sing,cantante,NOUN,S,,,,,,,,,,,,,,,
time.n.08,now,,EQU,it/p17/d1672,,,,,,,,,,,,,,,,,,,
time.n.08,now,,EQU,it/p17/d1968,,,,,,,,,,,,,,,,,,,
accarezzare.v.01,time.n.08,,Time,it/p17/d1968,,accarezzare,VERB,V,Ger,,,,,,,,,,,,,,
stirare.v.01,time.n.08,,Time,it/p17/d3052,Sing,stirare,VERB,V,Fin,,,,,,,Fut,Ind,3,,,,,
time.n.08,now,,EQU,it/p17/d2606,,,,,,,,,,,,,,,,,,,
rosso.a.01,time.n.08,,Time,it/p17/d2606,Sing,rosso,ADJ,A,,,,,,,Fem,,,,,,,,
amare.v.01,time.n.08,,Time,it/p17/d3440,Plur,amare,VERB,V,Fin,,,,,,,Pres,Ind,3,,,,,
time.n.08,now,,EQU,it/p17/d3440,,,,,,,,,,,,,,,,,,,
female.n.02,Marilyn,,Name,it/p17/d0712,,Marilyn,PROPN,SP,,,,,,,,,,,,,,,
female.n.02,Betty,,Name,it/p17/d2459,,Betty,PROPN,SP,,,,,,,,,,,,,,,
uccidere.v.01,female.n.02,nsubj,Agent,it/p17/d2459,Sing,uccidere,VERB,V,Part,,,Betty,PROPN,SP,Masc,Past,,,,,,,
uccidere.v.01,time.n.08,,Time,it/p17/d2459,Sing,uccidere,VERB,V,Part,,,,,,Masc,Past,,,,,,,
time.n.08,now,,TPR,it/p17/d2459,,,,,,,,,,,,,,,,,,,
time.n.08,now,,EQU,it/p17/d2586,,,,,,,,,,,,,,,,,,,
geloso.a.01,time.n.08,,Time,it/p17/d2586,Sing,geloso,ADJ,A,,,,,,,Masc,,,,,,,,
costare.v.01,orologio.n.01,nsubj,Theme,it/p97/d2263,Sing,costare,VERB,V,Fin,Masc,Sing,orologio,NOUN,S,,Pres,Ind,3,,,,,
costare.v.01,time.n.08,,Time,it/p97/d2263,Sing,costare,VERB,V,Fin,,,,,,,Pres,Ind,3,,,,,
time.n.08,now,,EQU,it/p97/d2263,,,,,,,,,,,,,,,,,,,
cinquantamila.n.01,circa.r.01,advmod,APX,it/p97/d2263,,cinquantamila,NUM,N,,,,circa,ADV,B,,,,,,,,Card,
yen.n.02,cinquantamila.n.01,nummod,Quantity,it/p97/d2263,,yen,NOUN,S,,,,cinquantamila,NUM,N,Masc,,,,,,,,Card
female.n.02,Tom,,Name,it/p97/d3496,,Tom,PROPN,SP,,,,,,,,,,,,,,,
indossare.v.01,female.n.02,nsubj,Agent,it/p97/d3496,Sing,indossare,VERB,V,Fin,,,Tom,PROPN,SP,,Imp,Ind,3,,,,,
indossare.v.01,time.n.08,,Time,it/p97/d3496,Sing,indossare,VERB,V,Fin,,,,,,,Imp,Ind,3,,,,,
indossare.v.01,guanto.n.01,obl,Theme,it/p97/d3496,Sing,indossare,VERB,V,Fin,Masc,Plur,guanto,NOUN,S,,Imp,Ind,3,,,,,
time.n.08,now,,TPR,it/p97/d3496,,,,,,,,,,,,,,,,,,,
time.n.08,now,,EQU,it/p97/d2911,,,,,,,,,,,,,,,,,,,
inconfutabile.a.01,prova.n.01,nsubj,AttributeOf,it/p97/d2911,Sing,inconfutabile,ADJ,A,,Fem,Sing,prova,NOUN,S,,,,,,,,,
inconfutabile.a.01,time.n.08,,Time,it/p97/d2911,Sing,inconfutabile,ADJ,A,,,,,,,,,,,,,,,
female.n.02,Tom,,Name,it/p97/d1530,,Tom,PROPN,SP,,,,,,,,,,,,,,,
disarmare.v.01,time.n.08,,Time,it/p97/d1530,Sing,disarmare,VERB,V,Part,,,,,,Masc,Past,,,,,,,
person.n.01,speaker,,EQU,it/p97/d2177,Sing,io,PRON,PE,,,,,,,,,,1,Prs,,,,
divorziata.v.01,time.n.08,,Time,it/p97/d2177,Sing,divorziata,VERB,V,Part,,,,,,Fem,Past,,,,,,,
time.n.08,now,,TPR,it/p97/d0963,,,,,,,,,,,,,,,,,,,
colpire.v.01,time.n.08,,Time,it/p97/d0963,Sing,colpire,VERB,V,Part,,,,,,Masc,Past,,,,,,,
morire.v.01,time.n.08,,Time,it/p97/d2353,Sing,morire,VERB,V,Part,,,,,,Masc,Past,,,,,,,
time.n.08,now,,TPR,it/p97/d3349,,,,,,,,,,,,,,,,,,,
ricattare.v.01,time.n.08,,Time,it/p97/d3349,Sing,ricattare,VERB,V,Part,,,,,,Fem,Past,,,,,,,
ricattare.v.01,male.n.02,obl:agent,Agent,it/p97/d3349,Sing,ricattare,VERB,V,Part,Masc,Sing,lui,PRON,PE,Fem,Past,,,,Prs,3,,
attraversare.v.01,time.n.08,,Time,it/p97/d3158,Sing,attraversare,VERB,V,Part,,,,,,Masc,Past,,,,,,,
time.n.08,now,,TPR,it/p97/d3158,,,,,,,,,,,,,,,,,,,
1-0.n.01,risultato.n.01,nsubj,Theme,it/p97/d1450,Sing,1-0,NOUN,S,,Masc,Sing,risultato,NOUN,S,Masc,,,,,,,,
person.n.01,speaker,,EQU,it/p97/d3366,Plur,noi,PRON,PE,,,,,,,,,,1,Prs,,,,
time.n.08,now,,TPR,it/p97/d3366,,,,,,,,,,,,,,,,,,,
soddisfare.v.01,nessuno.n.01,nsubj:pass,Experiencer,it/p97/d3366,Sing,soddisfare,VERB,V,Part,Masc,Sing,nessuno,PRON,PI,Masc,Past,,,,Ind,,,
soddisfare.v.01,time.n.08,,Time,it/p97/d3366,Sing,soddisfare,VERB,V,Part,,,,,,Masc,Past,,,,,,,
person.n.01,speaker,,EQU,it/p68/d0769,Sing,io,PRON,PE,,,,,,,,,,1,Prs,,,,
mangiare.v.01,person.n.01,nsubj,Agent,it/p68/d0769,Sing,mangiare,VERB,V,Part,,Sing,io,PRON,PE,Masc,Past,,,,Prs,1,,
mangiare.v.01,time.n.08,,Time,it/p68/d0769,Sing,mangiare,VERB,V,Part,,,,,,Masc,Past,,,,,,,
time.n.08,now,,TPR,it/p68/d0769,,,,,,,,,,,,,,,,,,,
female.n.02,time.n.08,,Time,it/p68/d1875,,Tom,PROPN,SP,,,,,,,,,,,,,,,
female.n.02,Messico,,Name,it/p68/d2376,,Messico,PROPN,SP,,,,,,,,,,,,,,,
female.n.02,Edison,,Name,it/p68/d3089,,Edison,PROPN,SP,,,,,,,,,,,,,,,
inventare.v.01,female.n.02,nsubj,Agent,it/p68/d3089,Sing,inventare,VERB,V,Fin,,,Edison,PROPN,SP,,Past,Ind,3,,,,,
inventare.v.01,time.n.08,,Time,it/p68/d3089,Sing,inventare,VERB,V,Fin,,,,,,,Past,Ind,3,,,,,
time.n.08,now,,TPR,it/p68/d3089,,,,,,,,,,,,,,,,,,,
anatra.n.01,time.n.08,,Time,it/p68/d2789,Sing,anatra,NOUN,S,,,,,,,Fem,,,,,,,,
time.n.08,now,,EQU,it/p68/d2789,,,,,,,,,,,,,,,,,,,
female.n.02,Tom,,Name,it/p68/d3216,,Tom,PROPN,SP,,,,,,,,,,,,,,,
calciare.v.01,female.n.02,nsubj,Agent,it/p68/d3216,Sing,calciare,VERB,V,Part,,,Tom,PROPN,SP,Masc,Past,,,,,,,
calciare.v.01,time.n.08,,Time,it/p68/d3216,Sing,calciare,VERB,V,Part,,,,,,Masc,Past,,,,,,,
calciare.v.01,barattolo.n.01,obj,Theme,it/p68/d3216,Sing,calciare,VERB,V,Part,Masc,Sing,barattolo,NOUN,S,Masc,Past,,,,,,,
time.n.08,now,,TPR,it/p68/d3216,,,,,,,,,,,,,,,,,,,
innamorare.v.01,time.n.08,,Time,it/p68/d2162,Sing,innamorare,VERB,V,Part,,,,,,Masc,Past,,,,,,,
female.n.02,Tom,,Name,it/p68/d3263,,Tom,PROPN,SP,,,,,,,,,,,,,,,
dare.v.01,female.n.02,nsubj,Agent,it/p68/d3263,Sing,dare,VERB,V,Fin,,,Tom,PROPN,SP,,Past,Ind,3,,,,,
dare.v.01,busta.n.01,obj,Theme,it/p68/d3263,Sing,dare,VERB,V,Fin,Fem,Sing,busta,NOUN,S,,Past,Ind,3,,,,,
vivere.v.01,time.n.08,,Time,it/p68/d1550,Sing,vivere,VERB,V,Fin,,,,,,,Pres,Ind,3,,,,,
vivere.v.01,female.n.02,obl,Location,it/p68/d1550,Sing,vivere,VERB,V,Fin,,,Tokyo,PROPN,SP,,Pres,Ind,3,,,,,
time.n.08,now,,EQU,it/p68/d1550,,,,,,,,,,,,,,,,,,,
female.n.02,Tokyo,,Name,it/p68/d1550,,Tokyo,PROPN,SP,,,,,,,,,,,,,,,
female.n.02,Tom,,Name,it/p68/d2146,,Tom,PROPN,SP,,,,,,,,,,,,,,,
time.n.08,now,,EQU,it/p68/d2146,,,,,,,,,,,,,,,,,,,
tosare.v.01,female.n.02,nsubj,Agent,it/p68/d2146,,tosare,VERB,V,Ger,,,Tom,PROPN,SP,,,,,,,,,
tosare.v.01,time.n.08,,Time,it/p68/d2146,,tosare,VERB,V,Ger,,,,,,,,,,,,,,
female.n.02,California,,Name,it/p68/d1551,,California,PROPN,SP,,,,,,,,,,,,,,,
importare.v.01,arancia.n.01,obj,Theme,it/p68/d1551,Sing,importare,VERB,V,Fin,Fem,Plur,arancia,NOUN,S,,Pres,Ind,3,,,,,
tagliare.v.01,time.n.08,,Time,it/p77/d0851,Sing,tagliare,VERB,V,Fin,,,,,,,Past,Ind,3,,,,,
time.n.08,now,,TPR,it/p77/d0851,,,,,,,,,,,,,,,,,,,
female.n.02,Tom,,Name,it/p77/d1716,,Tom,PROPN,SP,,,,,,,,,,,,,,,
nascondere.v.01,female.n.02,nsubj,Agent,it/p77/d1716,Sing,nascondere,VERB,V,Fin,,,Tom,PROPN,SP,,Past,Ind,3,,,,,
nascondere.v.01,time.n.08,,Time,it/p77/d1716,Sing,nascondere,VERB,V,Fin,,,,,,,Past,Ind,3,,,,,
time.n.08,now,,TPR,it/p77/d1716,,,,,,,,,,,,,,,,,,,
time.n.08,now,,TPR,it/p77/d2078,,,,,,,,,,,,,,,,,,,
equipaggiare.v.01,time.n.08,,Time,it/p77/d2078,Sing,equipaggiare,VERB,V,Part,,,,,,Fem,Past,,,,,,,
equipaggiare.v.01,barca.n.01,nsubj:pass,Theme,it/p77/d2078,Sing,equipaggiare,VERB,V,Part,Fem,Sing,barca,NOUN,S,Fem,Past,,,,,,,
female.n.02,Tom,,Name,it/p77/d2439,,Tom,PROPN,SP,,,,,,,,,,,,,,,
collaborare.v.01,female.n.02,nsubj,Agent,it/p77/d2439,Sing,collaborare,VERB,V,Fin,,,Tom,PROPN,SP,,Past,Ind,3,,,,,
collaborare.v.01,time.n.08,,Time,it/p77/d2439,Sing,collaborare,VERB,V,Fin,,,,,,,Past,Ind,3,,,,,
time.n.08,now,,TPR,it/p77/d2439,,,,,,,,,,,,,,,,,,,
female.n.02,Elaine,,Name,it/p77/d0945,,Elaine,PROPN,SP,,,,,,,,,,,,,,,
ospedale.n.01,female.n.02,nsubj,Theme,it/p77/d0945,Sing,ospedale,NOUN,S,,,,Elaine,PROPN,SP,Masc,,,,,,,,
ospedale.n.01,time.n.08,,Time,it/p77/d0945,Sing,ospedale,NOUN,S,,,,,,,Masc,,,,,,,,
time.n.08,now,,EQU,it/p77/d0945,,,,,,,,,,,,,,,,,,,
person.n.01,speaker,,EQU,it/p67/d0768,Sing,io,PRON,PE,,,,,,,,,,1,Prs,,,,
assetato.v.01,time.n.08,,Time,it/p67/d0768,Sing,assetato,VERB,V,Part,,,,,,Fem,Past,,,,,,,
female.n.02,Tom,,Name,it/p67/d1448,,Tom,PROPN,SP,,,,,,,,,,,,,,,
urlare.v.01,female.n.02,nsubj,Agent,it/p67/d1448,Sing,urlare,VERB,V,Fin,,,Tom,PROPN,SP,,Past,Ind,3,,,,,
urlare.v.01,time.n.08,,Time,it/p67/d1448,Sing,urlare,VERB,V,Fin,,,,,,,Past,Ind,3,,,,,
time.n.08,now,,TPR,it/p67/d1448,,,,,,,,,,,,,,,,,,,
female.n.02,Hideyo,,Name,it/p67/d2105,,Hideyo,PROPN,SP,,,,,,,,,,,,,,,
uomo.n.01,female.n.02,nsubj,Theme,it/p67/d2105,Sing,uomo,NOUN,S,,,,Hideyo,PROPN,SP,Masc,,,,,,,,
uomo.n.01,time.n.08,,Time,it/p67/d2105,Sing,uomo,NOUN,S,,,,,,,Masc,,,,,,,,
female.n.02,Napoleone,,Name,it/p67/d2995,,Napoleone,PROPN,SP,,,,,,,,,,,,,,,
rana.n.01,time.n.08,,Time,it/p67/d2663,Sing,rana,NOUN,S,,,,,,,Fem,,,,,,,,
time.n.08,now,,EQU,it/p67/d2663,,,,,,,,,,,,,,,,,,,
female.n.02,Tom,,Name,it/p67/d0917,,Tom,PROPN,SP,,,,,,,,,,,,,,,
schiaffeggiare.v.01,time.n.08,,Time,it/p67/d0917,Sing,schiaffeggiare,VERB,V,Fin,,,,,,,Pres,Ind,3,,,,,
female.n.02,Mary,,Name,it/p67/d0917,,Mary,PROPN,SP,,,,,,,,,,,,,,,
puzza.n.01,time.n.08,,Time,it/p67/d2027,Sing,puzza,NOUN,S,,,,,,,Fem,,,,,,,,
time.n.08,now,,EQU,it/p67/d2027,,,,,,,,,,,,,,,,,,,
oca.n.01,time.n.08,,Time,it/p67/d1532,Sing,oca,NOUN,S,,,,,,,Fem,,,,,,,,
time.n.08,now,,EQU,it/p67/d1532,,,,,,,,,,,,,,,,,,,
svegliare.v.01,time.n.08,,Time,it/p19/d3289,Sing,svegliare,VERB,V,Part,,,,,,Masc,Past,,,,,,,
time.n.08,now,,TPR,it/p19/d3289,,,,,,,,,,,,,,,,,,,
time.n.08,now,,EQU,it/p19/d2434,,,,,,,,,,,,,,,,,,,
giallo.a.01,time.n.08,,Time,it/p19/d2434,Sing,giallo,ADJ,A,,,,,,,Fem,,,,,,,,
suonare.v.01,time.n.08,,Time,it/p19/d0838,,suonare,VERB,V,Ger,,,,,,,,,,,,,,
suonare.v.01,pianoforte.n.01,obj,Theme,it/p19/d0838,,suonare,VERB,V,Ger,Masc,Sing,pianoforte,NOUN,S,,,,,,,,,
female.n.02,Chabrol,,Name,it/p19/d0711,,Chabrol,PROPN,SP,,,,,,,,,,,,,,,
sposare.v.01,time.n.08,,Time,it/p19/d0711,Sing,sposare,VERB,V,Part,,,,,,Masc,Past,,,,,,,
time.n.08,now,,TPR,it/p19/d0711,,,,,,,,,,,,,,,,,,,
female.n.02,Aurore,,Name,it/p19/d0711,,Aurore,PROPN,SP,,,,,,,,,,,,,,,
time.n.08,now,,EQU,it/p19/d2117,,,,,,,,,,,,,,,,,,,
traballante.a.01,gamba.n.01,nsubj,AttributeOf,it/p19/d2117,Plur,traballante,ADJ,A,,Fem,Plur,gamba,NOUN,S,,,,,,,,,
traballante.a.01,time.n.08,,Time,it/p19/d2117,Plur,traballante,ADJ,A,,,,,,,,,,,,,,,
inventare.v.01,time.n.08,,Time,it/p19/d1382,Sing,inventare,VERB,V,Fin,,,,,,,Past,Ind,3,,,,,
time.n.08,now,,TPR,it/p19/d1382,,,,,,,,,,,,,,,,,,,
time.n.08,now,,EQU,it/p19/d2496,,,,,,,,,,,,,,,,,,,
chiudere.v.01,time.n.08,,Time,it/p19/d0918,Sing,chiudere,VERB,V,Part,,,,,,Fem,Past,,,,,,,
female.n.02,Tom,,Name,it/p19/d3087,,Tom,PROPN,SP,,,,,,,,,,,,,,,
disorientare.v.01,time.n.08,,Time,it/p19/d3087,Sing,disorientare,VERB,V,Part,,,,,,Masc,Past,,,,,,,
female.n.02,Lady,,Name,it/p19/d0762,,Lady,PROPN,SP,,,,,,,,,,,,,,,
female.n.02,Henry,,Name,it/p19/d0712,,Henry,PROPN,SP,,,,,,,,,,,,,,,
fondare.v.01,female.n.02,nsubj,Agent,it/p19/d0712,Sing,fondare,VERB,V,Fin,,,Henry,PROPN,SP,,Past,Ind,3,,,,,
fondare.v.01,female.n.02,obj,Time,it/p19/d0712,Sing,fondare,VERB,V,Fin,,,Ford,PROPN,SP,,Past,Ind,3,,,,,
inventare.v.01,time.n.08,,Time,it/p19/d1631,Sing,inventare,VERB,V,Fin,,,,,,,Past,Ind,3,,,,,
time.n.08,now,,TPR,it/p19/d1631,,,,,,,,,,,,,,,,,,,
piangere.v.01,time.n.08,,Time,it/p19/d0889,,piangere,VERB,V,Ger,,,,,,,,,,,,,,
female.n.02,Lisa,,Name,it/p19/d0874,,Lisa,PROPN,SP,,,,,,,,,,,,,,,
female.n.02,Tom,,Name,it/p19/d1450,,Tom,PROPN,SP,,,,,,,,,,,,,,,
time.n.08,now,,EQU,it/p19/d1450,,,,,,,,,,,,,,,,,,,
allergico.a.01,time.n.08,,Time,it/p19/d1450,Sing,allergico,ADJ,A,,,,,,,Masc,,,,,,,,
allergico.a.01,muffa.n.01,obl,Stimulus,it/p19/d1450,Sing,allergico,ADJ,A,,Fem,Sing,muffa,NOUN,S,Masc,,,,,,,,
esagerato.v.01,time.n.08,,Time,it/p19/d1872,Sing,esagerato,VERB,V,Part,,,,,,Fem,Past,,,,,,,
alto.a.01,torre.n.01,nsubj,AttributeOf,it/p19/d2569,Sing,alto,ADJ,A,,Fem,Sing,torre,NOUN,S,Fem,,,,,,,,
chi.n.01,time.n.08,,Time,it/p25/d1395,,chi,PRON,PQ,,,,,,,,,,,Int,,,,
time.n.08,now,,EQU,it/p25/d1395,,,,,,,,,,,,,,,,,,,
female.n.02,Al,,Name,it/p25/d1395,,Al,PROPN,SP,,,,,,,,,,,,,,,
person.n.01,speaker,,EQU,it/p25/d3394,Sing,mi,PRON,PC,,,,,,,,,,1,Prs,,,,
sparare.v.01,male.n.02,nsubj,Agent,it/p25/d3394,Sing,sparare,VERB,V,Fin,Masc,Sing,lui,PRON,PE,,Past,Ind,3,,Prs,3,,
sparare.v.01,time.n.08,,Time,it/p25/d3394,Sing,sparare,VERB,V,Fin,,,,,,,Past,Ind,3,,,,,
time.n.08,now,,TPR,it/p25/d3394,,,,,,,,,,,,,,,,,,,
fallire.v.01,time.n.08,,Time,it/p25/d2066,Sing,fallire,VERB,V,Part,,,,,,Masc,Past,,,,,,,
time.n.08,now,,TPR,it/p25/d2066,,,,,,,,,,,,,,,,,,,
female.n.02,Jane,,Name,it/p25/d2843,,Jane,PROPN,SP,,,,,,,,,,,,,,,
furioso.a.01,time.n.08,,Time,it/p25/d2843,Sing,furioso,ADJ,A,,,,,,,Fem,,,,,,,,
devastare.v.01,time.n.08,,Time,it/p25/d0713,Plur,devastare,VERB,V,Fin,,,,,,,Pres,Ind,3,,,,,
time.n.08,now,,EQU,it/p25/d0713,,,,,,,,,,,,,,,,,,,
female.n.02,Europa,,Name,it/p25/d0713,,Europa,PROPN,SP,,,,,,,,,,,,,,,
female.n.02,Tom,,Name,it/p25/d1835,,Tom,PROPN,SP,,,,,,,,,,,,,,,
salutare.v.01,female.n.02,nsubj,Agent,it/p25/d1835,Sing,salutare,VERB,V,Fin,,,Tom,PROPN,SP,,Past,Ind,3,,,,,
salutare.v.01,time.n.08,,Time,it/p25/d1835,Sing,salutare,VERB,V,Fin,,,,,,,Past,Ind,3,,,,,
time.n.08,now,,TPR,it/p25/d1835,,,,,,,,,,,,,,,,,,,
female.n.02,Tom,,Name,it/p25/d2456,,Tom,PROPN,SP,,,,,,,,,,,,,,,
chiudere.v.01,female.n.02,nsubj,Agent,it/p25/d2456,Sing,chiudere,VERB,V,Part,,,Tom,PROPN,SP,Masc,Past,,,,,,,
chiudere.v.01,time.n.08,,Time,it/p25/d2456,Sing,chiudere,VERB,V,Part,,,,,,Masc,Past,,,,,,,
time.n.08,now,,TPR,it/p25/d2456,,,,,,,,,,,,,,,,,,,
time.n.08,now,,EQU,it/p25/d1443,,,,,,,,,,,,,,,,,,,
sgranocchiare.v.01,time.n.08,,Time,it/p25/d1443,,sgranocchiare,VERB,V,Ger,,,,,,,,,,,,,,
time.n.08,now,,EQU,it/p26/d0815,,,,,,,,,,,,,,,,,,,
bianco.a.01,time.n.08,,Time,it/p26/d0815,Sing,bianco,ADJ,A,,,,,,,Masc,,,,,,,,
person.n.01,speaker,,EQU,it/p26/d2933,Sing,io,PRON,PE,,,,,,,,,,1,Prs,,,,
innamorare.v.01,time.n.08,,Time,it/p26/d2933,Sing,innamorare,VERB,V,Part,,,,,,Masc,Past,,,,,,,
female.n.02,time.n.08,,Time,it/p26/d2599,,Tom,PROPN,SP,,,,,,,,,,,,,,,
time.n.08,now,,EQU,it/p26/d2671,,,,,,,,,,,,,,,,,,,
rosso.a.01,time.n.08,,Time,it/p26/d2671,Sing,rosso,ADJ,A,,,,,,,Fem,,,,,,,,
time.n.08,now,,EQU,it/p26/d2102,,,,,,,,,,,,,,,,,,,
female.n.02,Tom,,Name,it/p26/d2304,,Tom,PROPN,SP,,,,,,,,,,,,,,,
infelice.a.01,time.n.08,,Time,it/p26/d2304,Sing,infelice,ADJ,A,,,,,,,,,,,,,,,
infelice.a.01,molto.r.01,advmod,Degree,it/p26/d2304,Sing,infelice,ADJ,A,,,,molto,ADV,B,,,,,,,,,
mungere.v.01,time.n.08,,Time,it/p26/d1876,Sing,mungere,VERB,V,Part,,,,,,Masc,Past,,,,,,,
time.n.08,now,,TPR,it/p26/d1876,,,,,,,,,,,,,,,,,,,
time.n.08,now,,EQU,it/p26/d3525,,,,,,,,,,,,,,,,,,,
testardo.a.01,time.n.08,,Time,it/p26/d3525,Sing,testardo,ADJ,A,,,,,,,Fem,,,,,,,,
rovesciare.v.01,time.n.08,,Time,it/p26/d3087,Sing,rovesciare,VERB,V,Part,,,,,,Masc,Past,,,,,,,
time.n.08,now,,TPR,it/p26/d3087,,,,,,,,,,,,,,,,,,,
female.n.02,Mary,,Name,it/p26/d1681,,Mary,PROPN,SP,,,,,,,,,,,,,,,
colpire.v.01,time.n.08,,Time,it/p26/d1681,Sing,colpire,VERB,V,Part,,,,,,Masc,Past,,,,,,,
time.n.08,now,,TPR,it/p26/d1681,,,,,,,,,,,,,,,,,,,
female.n.02,Tom,,Name,it/p26/d1681,,Tom,PROPN,SP,,,,,,,,,,,,,,,
time.n.08,now,,TPR,it/p26/d1904,,,,,,,,,,,,,,,,,,,
scrivere.v.01,time.n.08,,Time,it/p26/d1904,Sing,scrivere,VERB,V,Part,,,,,,Masc,Past,,,,,,,
scrivere.v.01,female.n.02,obl:agent,Agent,it/p26/d1904,Sing,scrivere,VERB,V,Part,,,Taro,PROPN,SP,Masc,Past,,,,,,,
female.n.02,Taro,,Name,it/p26/d1904,,Taro,PROPN,SP,,,,,,,,,,,,,,,
female.n.02,Tom,,Name,it/p26/d1415,,Tom,PROPN,SP,,,,,,,,,,,,,,,
time.n.08,now,,TPR,it/p26/d1415,,,,,,,,,,,,,,,,,,,
rapire.v.01,time.n.08,,Time,it/p26/d1415,Sing,rapire,VERB,V,Part,,,,,,Masc,Past,,,,,,,
female.n.02,Nancy,,Name,it/p26/d0786,,Nancy,PROPN,SP,,,,,,,,,,,,,,,
avere.v.01,time.n.08,,Time,it/p26/d0786,Sing,avere,VERB,V,Fin,,,,,,,Pres,Ind,3,,,,,
avere.v.01,piano.n.01,obj,Theme,it/p26/d0786,Sing,avere,VERB,V,Fin,Masc,Sing,piano,NOUN,S,,Pres,Ind,3,,,,,
time.n.08,now,,EQU,it/p26/d0786,,,,,,,,,,,,,,,,,,,
person.n.01,speaker,,EQU,it/p47/d3291,Sing,mi,PRON,PC,,,,,,,,,,1,Prs,,,,
annoiare.v.01,time.n.08,,Time,it/p47/d3291,Sing,annoiare,VERB,V,Fin,,,,,,,Pres,Ind,3,,,,,
mangiare.v.01,time.n.08,,Time,it/p47/d1854,Sing,mangiare,VERB,V,Part,,,,,,Masc,Past,,,,,,,
time.n.08,now,,TPR,it/p47/d1854,,,,,,,,,,,,,,,,,,,
female.n.02,Tom,,Name,it/p47/d2671,,Tom,PROPN,SP,,,,,,,,,,,,,,,
time.n.08,now,,EQU,it/p47/d2671,,,,,,,,,,,,,,,,,,,
imparziale.a.01,female.n.02,nsubj,AttributeOf,it/p47/d2671,Sing,imparziale,ADJ,A,,,,Tom,PROPN,SP,,,,,,,,,
imparziale.a.01,time.n.08,,Time,it/p47/d2671,Sing,imparziale,ADJ,A,,,,,,,,,,,,,,,
female.n.02,Tom,,Name,it/p47/d1672,,Tom,PROPN,SP,,,,,,,,,,,,,,,
esitare.v.01,female.n.02,nsubj,Agent,it/p47/d1672,Sing,esitare,VERB,V,Fin,,,Tom,PROPN,SP,,Past,Ind,3,,,,,
esitare.v.01,time.n.08,,Time,it/p47/d1672,Sing,esitare,VERB,V,Fin,,,,,,,Past,Ind,3,,,,,
time.n.08,now,,TPR,it/p47/d1672,,,,,,,,,,,,,,,,,,,
female.n.02,Tom,,Name,it/p47/d1671,,Tom,PROPN,SP,,,,,,,,,,,,,,,
comprendere.v.01,time.n.08,,Time,it/p47/d1671,Sing,comprendere,VERB,V,Part,,,,,,Masc,Past,,,,,,,
time.n.08,now,,TPR,it/p47/d1671,,,,,,,,,,,,,,,,,,,
person.n.01,speaker,,EQU,it/p47/d0852,Sing,io,PRON,PE,,,,,,,,,,1,Prs,,,,
time.n.08,now,,EQU,it/p47/d0852,,,,,,,,,,,,,,,,,,,
mancino.a.01,person.n.01,nsubj,AttributeOf,it/p47/d0852,Sing,mancino,ADJ,A,,,Sing,io,PRON,PE,Masc,,,,,Prs,1,,
mancino.a.01,time.n.08,,Time,it/p47/d0852,Sing,mancino,ADJ,A,,,,,,,Masc,,,,,,,,
casa.n.01,time.n.08,,Time,it/p55/d3418,Sing,casa,NOUN,S,,,,,,,Fem,,,,,,,,
female.n.02,classe.n.01,nmod,Agent,it/p55/d3335,,Giovannino,PROPN,SP,,Fem,Sing,classe,NOUN,S,,,,,,,,,
female.n.02,time.n.08,,Time,it/p55/d3335,,Giovannino,PROPN,SP,,,,,,,,,,,,,,,
time.n.08,now,,EQU,it/p55/d3335,,,,,,,,,,,,,,,,,,,
female.n.02,Tom,,Name,it/p55/d1876,,Tom,PROPN,SP,,,,,,,,,,,,,,,
soffrire.v.01,time.n.08,,Time,it/p55/d1876,Sing,soffrire,VERB,V,Fin,,,,,,,Pres,Ind,3,,,,,
time.n.08,now,,EQU,it/p55/d1876,,,,,,,,,,,,,,,,,,,
incontrare.v.01,time.n.08,,Time,it/p55/d0891,Sing,incontrare,VERB,V,Part,,,,,,Masc,Past,,,,,,,
time.n.08,now,,TPR,it/p55/d0891,,,,,,,,,,,,,,,,,,,
inventare.v.01,time.n.08,,Time,it/p55/d1393,Sing,inventare,VERB,V,Fin,,,,,,,Past,Ind,3,,,,,
time.n.08,now,,TPR,it/p55/d1393,,,,,,,,,,,,,,,,,,,
female.n.02,Robin,,Name,it/p55/d2807,,Robin,PROPN,SP,,,,,,,,,,,,,,,
time.n.08,now,,EQU,it/p55/d2807,,,,,,,,,,,,,,,,,,,
vivo.a.01,female.n.02,nsubj,AttributeOf,it/p55/d2807,Sing,vivo,ADJ,A,,,,Robin,PROPN,SP,Masc,,,,,,,,
vivo.a.01,time.n.08,,Time,it/p55/d2807,Sing,vivo,ADJ,A,,,,,,,Masc,,,,,,,,
ululare.v.01,vento.n.01,nsubj,Theme,it/p55/d2359,Sing,ululare,VERB,V,Fin,Masc,Sing,vento,NOUN,S,,Imp,Ind,3,,,,,
ululare.v.01,time.n.08,,Time,it/p55/d2359,Sing,ululare,VERB,V,Fin,,,,,,,Imp,Ind,3,,,,,
time.n.08,now,,TPR,it/p55/d2359,,,,,,,,,,,,,,,,,,,
produrre.v.01,time.n.08,,Time,it/p55/d1384,Sing,produrre,VERB,V,Fin,,,,,,,Pres,Ind,3,,,,,
time.n.08,now,,EQU,it/p55/d1384,,,,,,,,,,,,,,,,,,,
appartenere.v.01,casa.n.01,nsubj,Theme,it/p55/d2220,Sing,appartenere,VERB,V,Fin,Fem,Sing,casa,NOUN,S,,Pres,Ind,3,,,,,
appartenere.v.01,person.n.01,obl,Time,it/p55/d2220,Sing,appartenere,VERB,V,Fin,,Sing,io,PRON,PE,,Pres,Ind,3,,Prs,1,,
person.n.01,speaker,,EQU,it/p55/d2220,Sing,io,PRON,PE,,,,,,,,,,1,Prs,,,,
time.n.08,now,,EQU,it/p55/d2220,,,,,,,,,,,,,,,,,,,
time.n.08,now,,EQU,it/p55/d2358,,,,,,,,,,,,,,,,,,,
bravo.a.01,time.n.08,,Time,it/p55/d2358,Sing,bravo,ADJ,A,,,,,,,Masc,,,,,,,,
person.n.01,speaker,,EQU,it/p57/d2592,Sing,io,PRON,PE,,,,,,,,,,1,Prs,,,,
suonare.v.01,person.n.01,nsubj,Agent,it/p57/d2592,Sing,suonare,VERB,V,Fin,,Sing,io,PRON,PE,,Imp,Ind,1,,Prs,1,,
suonare.v.01,time.n.08,,Time,it/p57/d2592,Sing,suonare,VERB,V,Fin,,,,,,,Imp,Ind,1,,,,,
suonare.v.01,fisarmonica.n.01,obj,Theme,it/p57/d2592,Sing,suonare,VERB,V,Fin,Fem,Sing,fisarmonica,NOUN,S,,Imp,Ind,1,,,,,
time.n.08,now,,TPR,it/p57/d2592,,,,,,,,,,,,,,,,,,,
arrestare.v.01,female.n.02,nsubj:pass,Time,it/p57/d0762,Sing,arrestare,VERB,V,Part,,,Nick,PROPN,SP,Masc,Past,,,,,,,
arrestare.v.01,collasso.n.01,obl,Theme,it/p57/d0762,Sing,arrestare,VERB,V,Part,Masc,Sing,collasso,NOUN,S,Masc,Past,,,,,,,
female.n.02,Barings,,Name,it/p57/d0762,,Barings,PROPN,SP,,,,,,,,,,,,,,,
vincere.v.01,time.n.08,,Time,it/p57/d0760,Sing,vincere,VERB,V,Part,,,,,,Masc,Past,,,,,,,
time.n.08,now,,TPR,it/p57/d0760,,,,,,,,,,,,,,,,,,,
time.n.08,now,,EQU,it/p57/d1974,,,,,,,,,,,,,,,,,,,
verde.a.01,time.n.08,,Time,it/p57/d1974,Sing,verde,ADJ,A,,,,,,,,,,,,,,,
costare.v.01,computer.n.01,nsubj,Theme,it/p07/d1711,Sing,costare,VERB,V,Part,Masc,,computer,NOUN,S,Masc,Past,,,,,,,
fare.v.01,time.n.08,,Time,it/p07/d3402,Sing,fare,VERB,V,Part,,,,,,Masc,Past,,,,,,,
time.n.08,now,,TPR,it/p07/d3402,,,,,,,,,,,,,,,,,,,
tagliare.v.01,time.n.08,,Time,it/p07/d2045,Sing,tagliare,VERB,V,Part,,,,,,Masc,Past,,,,,,,
time.n.08,now,,TPR,it/p07/d2045,,,,,,,,,,,,,,,,,,,
female.n.02,Tom,,Name,it/p07/d3510,,Tom,PROPN,SP,,,,,,,,,,,,,,,
female.n.02,Tom,,Name,it/p07/d2187,,Tom,PROPN,SP,,,,,,,,,,,,,,,
time.n.08,now,,EQU,it/p07/d2187,,,,,,,,,,,,,,,,,,,
cucinare.v.01,female.n.02,nsubj,Agent,it/p07/d2187,,cucinare,VERB,V,Ger,,,Tom,PROPN,SP,,,,,,,,,
cucinare.v.01,time.n.08,,Time,it/p07/d2187,,cucinare,VERB,V,Ger,,,,,,,,,,,,,,
person.n.01,speaker,,EQU,it/p07/d0947,Sing,io,PRON,PE,,,,,,,,,,1,Prs,,,,
fumare.v.01,person.n.01,nsubj,Agent,it/p07/d0947,,fumare,VERB,V,Ger,,Sing,io,PRON,PE,,,,,,Prs,1,,
fumare.v.01,time.n.08,,Time,it/p07/d0947,,fumare,VERB,V,Ger,,,,,,,,,,,,,,
tacchino.n.01,time.n.08,,Time,it/p07/d1589,Sing,tacchino,NOUN,S,,,,,,,Masc,,,,,,,,
time.n.08,now,,EQU,it/p07/d1589,,,,,,,,,,,,,,,,,,,
comprare.v.01,time.n.08,,Time,it/p07/d2789,Sing,comprare,VERB,V,Part,,,,,,Masc,Past,,,,,,,
comprare.v.01,auto.n.01,obj,Theme,it/p07/d2789,Sing,comprare,VERB,V,Part,Fem,,auto,NOUN,S,Masc,Past,,,,,,,
time.n.08,now,,TPR,it/p07/d2789,,,,,,,,,,,,,,,,,,,
person.n.01,speaker,,EQU,it/p07/d2524,Sing,io,PRON,PE,,,,,,,,,,1,Prs,,,,
time.n.08,now,,EQU,it/p07/d2524,,,,,,,,,,,,,,,,,,,
pigro.a.01,person.n.01,nsubj,AttributeOf,it/p07/d2524,Sing,pigro,ADJ,A,,,Sing,io,PRON,PE,Fem,,,,,Prs,1,,
pigro.a.01,time.n.08,,Time,it/p07/d2524,Sing,pigro,ADJ,A,,,,,,,Fem,,,,,,,,
pigro.a.01,davvero.r.01,advmod,Degree,it/p07/d2524,Sing,pigro,ADJ,A,,,,davvero,ADV,B,Fem,,,,,,,,
ballare.v.01,ragazzo.n.01,nsubj,Theme,it/p07/d2681,Plur,ballare,VERB,V,Fin,Masc,Plur,ragazzo,NOUN,S,,Imp,Ind,3,,,,,
ballare.v.01,time.n.08,,Time,it/p07/d2681,Plur,ballare,VERB,V,Fin,,,,,,,Imp,Ind,3,,,,,
time.n.08,now,,TPR,it/p07/d2681,,,,,,,,,,,,,,,,,,,
time.n.08,now,,EQU,it/p07/d3514,,,,,,,,,,,,,,,,,,,
person.n.01,speaker,,EQU,it/p07/d3391,Sing,io,PRON,PE,,,,,,,,,,1,Prs,,,,
guidare.v.01,person.n.01,nsubj,Agent,it/p07/d3391,Sing,guidare,VERB,V,Fin,,Sing,io,PRON,PE,,Pres,Ind,1,,Prs,1,,
guidare.v.01,time.n.08,,Time,it/p07/d3391,Sing,guidare,VERB,V,Fin,,,,,,,Pres,Ind,1,,,,,
guidare.v.01,decappottabile.n.01,obj,Theme,it/p07/d3391,Sing,guidare,VERB,V,Fin,Fem,Sing,decappottabile,NOUN,S,,Pres,Ind,1,,,,,
time.n.08,now,,EQU,it/p07/d3391,,,,,,,,,,,,,,,,,,,
tavolo.n.01,time.n.08,,Time,it/p07/d0914,Sing,tavolo,NOUN,S,,,,,,,Masc,,,,,,,,
time.n.08,now,,EQU,it/p07/d0914,,,,,,,,,,,,,,,,,,,
abbaiare.v.01,time.n.08,,Time,it/p07/d1990,Sing,abbaiare,VERB,V,Fin,,,,,,,Fut,Ind,3,,,,,
time.n.08,now,,TSU,it/p07/d1990,,,,,,,,,,,,,,,,,,,
female.n.02,Tom,,Name,it/p07/d3134,,Tom,PROPN,SP,,,,,,,,,,,,,,,
cantare.v.01,female.n.02,nsubj,Agent,it/p07/d3134,Sing,cantare,VERB,V,Fin,,,Tom,PROPN,SP,,Pres,Ind,3,,,,,
cantare.v.01,time.n.08,,Time,it/p07/d3134,Sing,cantare,VERB,V,Fin,,,,,,,Pres,Ind,3,,,,,
time.n.08,now,,EQU,it/p07/d3134,,,,,,,,,,,,,,,,,,,
chiamare.v.01,nessuno.n.01,nsubj,Agent,it/p07/d2854,Sing,chiamare,VERB,V,Part,Masc,Sing,nessuno,PRON,PI,Masc,Past,,,,Ind,,,
chiamare.v.01,time.n.08,,Time,it/p07/d2854,Sing,chiamare,VERB,V,Part,,,,,,Masc,Past,,,,,,,
time.n.08,now,,TPR,it/p07/d2854,,,,,,,,,,,,,,,,,,,
uccidere.v.01,time.n.08,,Time,it/p07/d3331,Sing,uccidere,VERB,V,Part,,,,,,Masc,Past,,,,,,,
time.n.08,now,,TPR,it/p07/d3331,,,,,,,,,,,,,,,,,,,
sorrire.v.01,time.n.08,,Time,it/p07/d0904,Sing,sorrire,VERB,V,Fin,,,,,,,Past,Ind,3,,,,,
time.n.08,now,,TPR,it/p07/d0904,,,,,,,,,,,,,,,,,,,
rispondere.v.01,time.n.08,,Time,it/p07/d2024,Sing,rispondere,VERB,V,Fin,,,,,,,Pres,Ind,3,,,,,
time.n.08,now,,EQU,it/p07/d2024,,,,,,,,,,,,,,,,,,,
cantare.v.01,chi.n.01,nsubj,Agent,it/p05/d1395,Sing,cantare,VERB,V,Fin,,,chi,PRON,PQ,,Imp,Ind,3,,Int,,,
cantare.v.01,female.n.02,obj,Time,it/p05/d1395,Sing,cantare,VERB,V,Fin,,,Tennessee,PROPN,SP,,Imp,Ind,3,,,,,
bussare.v.01,time.n.08,,Time,it/p05/d3211,Sing,bussare,VERB,V,Part,,,,,,Masc,Past,,,,,,,
time.n.08,now,,TPR,it/p05/d3211,,,,,,,,,,,,,,,,,,,
saltare.v.01,time.n.08,,Time,it/p05/d1726,Plur,saltare,VERB,V,Fin,,,,,,,Past,Ind,3,,,,,
time.n.08,now,,TPR,it/p05/d1726,,,,,,,,,,,,,,,,,,,
time.n.08,now,,TPR,it/p05/d2678,,,,,,,,,,,,,,,,,,,
riscrivere.v.01,time.n.08,,Time,it/p05/d2678,Sing,riscrivere,VERB,V,Part,,,,,,Masc,Past,,,,,,,
riverare.v.01,time.n.08,,Time,it/p05/d1932,Plur,riverare,VERB,V,Fin,,,,,,,Past,Ind,3,,,,,
time.n.08,now,,TPR,it/p05/d1932,,,,,,,,,,,,,,,,,,,
appartenere.v.01,racchetta.n.01,nsubj,Theme,it/p05/d2049,Sing,appartenere,VERB,V,Fin,Fem,Sing,racchetta,NOUN,S,,Pres,Ind,3,,,,,
appartenere.v.01,person.n.01,obl,Time,it/p05/d2049,Sing,appartenere,VERB,V,Fin,,Sing,io,PRON,PE,,Pres,Ind,3,,Prs,1,,
person.n.01,speaker,,EQU,it/p05/d2049,Sing,io,PRON,PE,,,,,,,,,,1,Prs,,,,
time.n.08,now,,EQU,it/p05/d2049,,,,,,,,,,,,,,,,,,,
time.n.08,now,,EQU,it/p05/d3521,,,,,,,,,,,,,,,,,,,
enorme.a.01,time.n.08,,Time,it/p05/d3521,Sing,enorme,ADJ,A,,,,,,,,,,,,,,,
piacere.v.01,time.n.08,,Time,it/p05/d2805,Sing,piacere,VERB,V,Fin,,,,,,,Imp,Ind,3,,,,,
time.n.08,now,,TPR,it/p05/d2805,,,,,,,,,,,,,,,,,,,
time.n.08,now,,EQU,it/p05/d3455,,,,,,,,,,,,,,,,,,,
bello.a.01,cane.n.01,nsubj,AttributeOf,it/p05/d3455,Sing,bello,ADJ,A,,Masc,Sing,cane,NOUN,S,Masc,,,,,,,,
bello.a.01,time.n.08,,Time,it/p05/d3455,Sing,bello,ADJ,A,,,,,,,Masc,,,,,,,,
female.n.02,Emily,,Name,it/p05/d1672,,Emily,PROPN,SP,,,,,,,,,,,,,,,
assetato.v.01,time.n.08,,Time,it/p05/d1672,Sing,assetato,VERB,V,Part,,,,,,Fem,Past,,,,,,,
raccomandare.v.01,time.n.08,,Time,it/p05/d1874,Sing,raccomandare,VERB,V,Part,,,,,,Masc,Past,,,,,,,
time.n.08,now,,TPR,it/p05/d1874,,,,,,,,,,,,,,,,,,,
female.n.02,Tom,,Name,it/p05/d1874,,Tom,PROPN,SP,,,,,,,,,,,,,,,
risolvere.v.01,time.n.08,,Time,it/p05/d0830,Sing,risolvere,VERB,V,Part,,,,,,Masc,Past,,,,,,,
time.n.08,now,,TPR,it/p05/d0830,,,,,,,,,,,,,,,,,,,
female.n.02,Tom,,Name,it/p05/d2168,,Tom,PROPN,SP,,,,,,,,,,,,,,,
calmo.a.01,time.n.08,,Time,it/p05/d2168,Sing,calmo,ADJ,A,,,,,,,Masc,,,,,,,,
calmo.a.01,molto.r.01,advmod,Degree,it/p05/d2168,Sing,calmo,ADJ,A,,,,molto,ADV,B,Masc,,,,,,,,
cinto.v.01,time.n.08,,Time,it/p05/d3110,Sing,cinto,VERB,V,Part,,,,,,Fem,Past,,,,,,,
fondere.v.01,time.n.08,,Time,it/p05/d3459,Sing,fondere,VERB,V,Fin,,,,,,,Pres,Ind,3,,,,,
time.n.08,now,,EQU,it/p05/d3459,,,,,,,,,,,,,,,,,,,
female.n.02,Tom,,Name,it/p05/d1894,,Tom,PROPN,SP,,,,,,,,,,,,,,,
time.n.08,now,,EQU,it/p05/d1894,,,,,,,,,,,,,,,,,,,
insicuro.a.01,female.n.02,nsubj,AttributeOf,it/p05/d1894,Sing,insicuro,ADJ,A,,,,Tom,PROPN,SP,Masc,,,,,,,,
insicuro.a.01,time.n.08,,Time,it/p05/d1894,Sing,insicuro,ADJ,A,,,,,,,Masc,,,,,,,,
deserto.a.01,time.n.08,,Time,it/p05/d3263,Sing,deserto,ADJ,A,,,,,,,Masc,,,,,,,,
time.n.08,now,,EQU,it/p05/d0820,,,,,,,,,,,,,,,,,,,
nuovo.a.01,gonna.n.01,nsubj,AttributeOf,it/p05/d0820,Sing,nuovo,ADJ,A,,Fem,Sing,gonna,NOUN,S,Fem,,,,,,,,
nuovo.a.01,time.n.08,,Time,it/p05/d0820,Sing,nuovo,ADJ,A,,,,,,,Fem,,,,,,,,
time.n.08,now,,EQU,it/p05/d1701,,,,,,,,,,,,,,,,,,,
giocare.v.01,time.n.08,,Time,it/p05/d1701,,giocare,VERB,V,Ger,,,,,,,,,,,,,,
contenere.v.01,sala.n.01,nsubj,Theme,it/p05/d2691,Sing,contenere,VERB,V,Fin,Fem,Sing,sala,NOUN,S,,Pres,Ind,3,,,,,
person.n.01,speaker,,EQU,it/p05/d0904,Sing,io,PRON,PE,,,,,,,,,,1,Prs,,,,
mangiare.v.01,person.n.01,nsubj,Agent,it/p05/d0904,Sing,mangiare,VERB,V,Fin,,Sing,io,PRON,PE,,Pres,Ind,1,,Prs,1,,
mangiare.v.01,time.n.08,,Time,it/p05/d0904,Sing,mangiare,VERB,V,Fin,,,,,,,Pres,Ind,1,,,,,
time.n.08,now,,EQU,it/p05/d0904,,,,,,,,,,,,,,,,,,,
time.n.08,now,,EQU,it/p05/d0915,,,,,,,,,,,,,,,,,,,
geloso.a.01,time.n.08,,Time,it/p05/d0915,Sing,geloso,ADJ,A,,,,,,,Fem,,,,,,,,
time.n.08,now,,EQU,it/p05/d2401,,,,,,,,,,,,,,,,,,,
scrittore.n.01,time.n.08,,Time,it/p87/d0763,Sing,scrittore,NOUN,S,,,,,,,Masc,,,,,,,,
time.n.08,now,,EQU,it/p87/d0763,,,,,,,,,,,,,,,,,,,
serrare.v.01,time.n.08,,Time,it/p87/d2011,Plur,serrare,VERB,V,Part,,,,,,Fem,Past,,,,,,,
female.n.02,Tom,,Name,it/p87/d2314,,Tom,PROPN,SP,,,,,,,,,,,,,,,
time.n.08,now,,TPR,it/p87/d2314,,,,,,,,,,,,,,,,,,,
pugnalare.v.01,time.n.08,,Time,it/p87/d2314,Sing,pugnalare,VERB,V,Part,,,,,,Masc,Past,,,,,,,
mettere.v.01,time.n.08,,Time,it/p87/d0945,Sing,mettere,VERB,V,Fin,,,,,,,Past,Ind,3,,,,,
mettere.v.01,madre.n.01,nsubj,Theme,it/p87/d0945,Sing,mettere,VERB,V,Fin,Fem,Sing,madre,NOUN,S,,Past,Ind,3,,,,,
time.n.08,now,,TPR,it/p87/d0945,,,,,,,,,,,,,,,,,,,
calciare.v.01,time.n.08,,Time,it/p87/d1551,Sing,calciare,VERB,V,Fin,,,,,,,Pres,Ind,3,,,,,
female.n.02,Tom,,Name,it/p99/d2672,,Tom,PROPN,SP,,,,,,,,,,,,,,,
time.n.08,now,,EQU,it/p99/d2672,,,,,,,,,,,,,,,,,,,
incompetente.a.01,female.n.02,nsubj,AttributeOf,it/p99/d2672,Sing,incompetente,ADJ,A,,,,Tom,PROPN,SP,,,,,,,,,
incompetente.a.01,time.n.08,,Time,it/p99/d2672,Sing,incompetente,ADJ,A,,,,,,,,,,,,,,,
incompetente.a.01,completamente.r.01,advmod,Degree,it/p99/d2672,Sing,incompetente,ADJ,A,,,,completamente,ADV,B,,,,,,,,,
female.n.02,Tom,,Name,it/p99/d3280,,Tom,PROPN,SP,,,,,,,,,,,,,,,
fare.v.01,time.n.08,,Time,it/p99/d3280,Sing,fare,VERB,V,Part,,,,,,Masc,Past,,,,,,,
caldo.a.01,time.n.08,,Time,it/p99/d0911,Sing,caldo,ADJ,A,,,,,,,Fem,,,,,,,,
raccogliere.v.01,time.n.08,,Time,it/p99/d3430,Sing,raccogliere,VERB,V,Fin,,,,,,,Past,Ind,3,,,,,
time.n.08,now,,TPR,it/p99/d3430,,,,,,,,,,,,,,,,,,,
animale.n.01,time.n.08,,Time,it/p99/d3464,Sing,animale,NOUN,S,,,,,,,Masc,,,,,,,,
animale.n.01,cane.n.01,nsubj,Theme,it/p99/d3464,Sing,animale,NOUN,S,,Masc,Sing,cane,NOUN,S,Masc,,,,,,,,
time.n.08,now,,EQU,it/p99/d3464,,,,,,,,,,,,,,,,,,,
schiamazzare.v.01,time.n.08,,Time,it/p99/d2376,Plur,schiamazzare,VERB,V,Fin,,,,,,,Imp,Ind,3,,,,,
time.n.08,now,,TPR,it/p99/d2376,,,,,,,,,,,,,,,,,,,
fisico.n.01,time.n.08,,Time,it/p99/d0716,Sing,fisico,NOUN,S,,,,,,,Masc,,,,,,,,
time.n.08,now,,EQU,it/p99/d0716,,,,,,,,,,,,,,,,,,,
ballare.v.01,bosco.n.01,obl,Theme,it/p99/d3442,Plur,ballare,VERB,V,Fin,Masc,Sing,bosco,NOUN,S,,Pres,Ind,3,,,,,
ballare.v.01,time.n.08,,Time,it/p99/d3442,Plur,ballare,VERB,V,Fin,,,,,,,Pres,Ind,3,,,,,
time.n.08,now,,EQU,it/p99/d3442,,,,,,,,,,,,,,,,,,,
chef.n.01,time.n.08,,Time,it/p99/d3055,,chef,NOUN,S,,,,,,,Masc,,,,,,,,
time.n.08,now,,EQU,it/p99/d3055,,,,,,,,,,,,,,,,,,,
female.n.02,John,,Name,it/p99/d0794,,John,PROPN,SP,,,,,,,,,,,,,,,
time.n.08,now,,EQU,it/p99/d0794,,,,,,,,,,,,,,,,,,,
bravo.a.01,female.n.02,nsubj,AttributeOf,it/p99/d0794,Sing,bravo,ADJ,A,,,,John,PROPN,SP,Masc,,,,,,,,
bravo.a.01,time.n.08,,Time,it/p99/d0794,Sing,bravo,ADJ,A,,,,,,,Masc,,,,,,,,
female.n.02,Tom,,Name,it/p99/d2459,,Tom,PROPN,SP,,,,,,,,,,,,,,,
sonnecchiare.v.01,female.n.02,nsubj,Agent,it/p99/d2459,Sing,sonnecchiare,VERB,V,Fin,,,Tom,PROPN,SP,,Imp,Ind,3,,,,,
sonnecchiare.v.01,time.n.08,,Time,it/p99/d2459,Sing,sonnecchiare,VERB,V,Fin,,,,,,,Imp,Ind,3,,,,,
time.n.08,now,,TPR,it/p99/d2459,,,,,,,,,,,,,,,,,,,
amico.n.01,time.n.08,,Time,it/p99/d0879,Sing,amico,NOUN,S,,,,,,,Masc,,,,,,,,
time.n.08,now,,EQU,it/p99/d0879,,,,,,,,,,,,,,,,,,,
uomo.n.01,time.n.08,,Time,it/p09/d3267,Sing,uomo,NOUN,S,,,,,,,Masc,,,,,,,,
perdere.v.01,male.n.02,nsubj,Agent,it/p09/d1726,Sing,perdere,VERB,V,Part,Masc,Sing,lui,PRON,PE,Masc,Past,,,,Prs,3,,
perdere.v.01,speranza.n.01,obj,Theme,it/p09/d1726,Sing,perdere,VERB,V,Part,Fem,Sing,speranza,NOUN,S,Masc,Past,,,,,,,
perdere.v.01,time.n.08,,Time,it/p09/d1726,Sing,perdere,VERB,V,Part,,,,,,Masc,Past,,,,,,,
time.n.08,now,,TPR,it/p09/d1726,,,,,,,,,,,,,,,,,,,
person.n.01,speaker,,EQU,it/p09/d2518,Sing,io,PRON,PE,,,,,,,,,,1,Prs,,,,
ordinare.v.01,person.n.01,nsubj,Agent,it/p09/d2518,Sing,ordinare,VERB,V,Fin,,Sing,io,PRON,PE,,Past,Ind,1,,Prs,1,,
ordinare.v.01,time.n.08,,Time,it/p09/d2518,Sing,ordinare,VERB,V,Fin,,,,,,,Past,Ind,1,,,,,
ordinare.v.01,pizza.n.01,obl,Theme,it/p09/d2518,Sing,ordinare,VERB,V,Fin,Fem,Sing,pizza,NOUN,S,,Past,Ind,1,,,,,
time.n.08,now,,TPR,it/p09/d2518,,,,,,,,,,,,,,,,,,,
scoprire.v.01,time.n.08,,Time,it/p09/d3430,Sing,scoprire,VERB,V,Part,,,,,,Masc,Past,,,,,,,
time.n.08,now,,TPR,it/p09/d3430,,,,,,,,,,,,,,,,,,,
female.n.02,Tom,,Name,it/p09/d3272,,Tom,PROPN,SP,,,,,,,,,,,,,,,
pagare.v.01,female.n.02,nsubj,Agent,it/p09/d3272,Sing,pagare,VERB,V,Part,,,Tom,PROPN,SP,Masc,Past,,,,,,,
pagare.v.01,time.n.08,,Time,it/p09/d3272,Sing,pagare,VERB,V,Part,,,,,,Masc,Past,,,,,,,
pagare.v.01,conto.n.01,obj,Theme,it/p09/d3272,Sing,pagare,VERB,V,Part,Masc,Sing,conto,NOUN,S,Masc,Past,,,,,,,
time.n.08,now,,TPR,it/p09/d3272,,,,,,,,,,,,,,,,,,,
time.n.08,now,,EQU,it/p09/d2976,,,,,,,,,,,,,,,,,,,
alto.a.01,time.n.08,,Time,it/p09/d2976,Sing,alto,ADJ,A,,,,,,,Masc,,,,,,,,
female.n.02,Tom,,Name,it/p09/d2376,,Tom,PROPN,SP,,,,,,,,,,,,,,,
time.n.08,now,,EQU,it/p09/d2376,,,,,,,,,,,,,,,,,,,
allergico.a.01,time.n.08,,Time,it/p09/d2376,Sing,allergico,ADJ,A,,,,,,,Masc,,,,,,,,
allergico.a.01,muffa.n.01,obl,Stimulus,it/p09/d2376,Sing,allergico,ADJ,A,,Fem,Sing,muffa,NOUN,S,Masc,,,,,,,,
female.n.02,Tom,,Name,it/p09/d3061,,Tom,PROPN,SP,,,,,,,,,,,,,,,
time.n.08,now,,EQU,it/p09/d3061,,,,,,,,,,,,,,,,,,,
pulendo.v.01,female.n.02,nsubj,Agent,it/p09/d3061,,pulendo,VERB,V,Ger,,,Tom,PROPN,SP,,,,,,,,,
pulendo.v.01,time.n.08,,Time,it/p09/d3061,,pulendo,VERB,V,Ger,,,,,,,,,,,,,,
gradire.v.01,piano.n.01,obj,Theme,it/p09/d3002,Plur,gradire,VERB,V,Fin,Masc,Sing,piano,NOUN,S,,Pres,Ind,3,,,,,
person.n.01,speaker,,EQU,it/p09/d2474,Sing,io,PRON,PE,,,,,,,,,,1,Prs,,,,
time.n.08,now,,EQU,it/p09/d2474,,,,,,,,,,,,,,,,,,,
contare.v.01,person.n.01,nsubj,Agent,it/p09/d2474,,contare,VERB,V,Ger,,Sing,io,PRON,PE,,,,,,Prs,1,,
contare.v.01,time.n.08,,Time,it/p09/d2474,,contare,VERB,V,Ger,,,,,,,,,,,,,,
female.n.02,Tom,,Name,it/p09/d2792,,Tom,PROPN,SP,,,,,,,,,,,,,,,
time.n.08,now,,EQU,it/p09/d2792,,,,,,,,,,,,,,,,,,,
sonnecchiando.v.01,time.n.08,,Time,it/p09/d2792,,sonnecchiando,VERB,V,Ger,,,,,,,,,,,,,,
female.n.02,Tom,,Name,it/p09/d2781,,Tom,PROPN,SP,,,,,,,,,,,,,,,
female.n.02,Tom,,Name,it/p09/d2435,,Tom,PROPN,SP,,,,,,,,,,,,,,,
spaventato.v.01,time.n.08,,Time,it/p09/d2435,Sing,spaventato,VERB,V,Part,,,,,,Masc,Past,,,,,,,
female.n.02,Tom,,Name,it/p09/d2812,,Tom,PROPN,SP,,,,,,,,,,,,,,,
time.n.08,now,,TPR,it/p09/d2812,,,,,,,,,,,,,,,,,,,
arrestare.v.01,time.n.08,,Time,it/p09/d2812,Sing,arrestare,VERB,V,Part,,,,,,Masc,Past,,,,,,,
bere.v.01,time.n.08,,Time,it/p09/d1666,Sing,bere,VERB,V,Part,,,,,,Masc,Past,,,,,,,
time.n.08,now,,TPR,it/p09/d1666,,,,,,,,,,,,,,,,,,,
receptionist.n.01,time.n.08,,Time,it/p09/d2428,,receptionist,NOUN,S,,,,,,,Fem,,,,,,,,
time.n.08,now,,EQU,it/p09/d2428,,,,,,,,,,,,,,,,,,,
time.n.08,now,,EQU,it/p09/d2818,,,,,,,,,,,,,,,,,,,
female.n.02,Tom,,Name,it/p09/d3390,,Tom,PROPN,SP,,,,,,,,,,,,,,,
morire.v.01,time.n.08,,Time,it/p09/d2725,,morire,VERB,V,Inf,,,,,,,,,,,,,,
time.n.08,now,,EQU,it/p09/d2725,,,,,,,,,,,,,,,,,,,
mentire.v.01,nessuno.n.01,nsubj,Agent,it/p09/d2839,Sing,mentire,VERB,V,Fin,Masc,Sing,nessuno,PRON,PI,,Past,Ind,3,,Ind,,,
mentire.v.01,time.n.08,,Time,it/p09/d2839,Sing,mentire,VERB,V,Fin,,,,,,,Past,Ind,3,,,,,
time.n.08,now,,TPR,it/p09/d2839,,,,,,,,,,,,,,,,,,,
time.n.08,now,,EQU,it/p46/d2350,,,,,,,,,,,,,,,,,,,
bianco.a.01,time.n.08,,Time,it/p46/d2350,Sing,bianco,ADJ,A,,,,,,,Fem,,,,,,,,
inventare.v.01,time.n.08,,Time,it/p46/d1388,Sing,inventare,VERB,V,Part,,,,,,Masc,Past,,,,,,,
time.n.08,now,,TPR,it/p46/d1388,,,,,,,,,,,,,,,,,,,
navigare.v.01,mare.n.01,obj,Theme,it/p46/d3079,Plur,navigare,VERB,V,Fin,Masc,Plur,mare,NOUN,S,,Past,Ind,3,,,,,
time.n.08,now,,EQU,it/p46/d3411,,,,,,,,,,,,,,,,,,,
alto.a.01,time.n.08,,Time,it/p46/d3411,Sing,alto,ADJ,A,,,,,,,Masc,,,,,,,,
female.n.02,Mario,,Name,it/p46/d1479,,mario,PROPN,SP,,,,,,,,,,,,,,,
comprare.v.01,female.n.02,nsubj,Agent,it/p46/d1479,Sing,comprare,VERB,V,Part,,,mario,PROPN,SP,Masc,Past,,,,,,,
comprare.v.01,time.n.08,,Time,it/p46/d1479,Sing,comprare,VERB,V,Part,,,,,,Masc,Past,,,,,,,
comprare.v.01,microscopio.n.01,obj,Theme,it/p46/d1479,Sing,comprare,VERB,V,Part,Masc,Sing,microscopio,NOUN,S,Masc,Past,,,,,,,
time.n.08,now,,TPR,it/p46/d1479,,,,,,,,,,,,,,,,,,,
female.n.02,Ibrahim,,Name,it/p46/d0712,,Ibrahim,PROPN,SP,,,,,,,,,,,,,,,
scappare.v.01,zoo.n.01,obl,Theme,it/p37/d2722,Sing,scappare,VERB,V,Part,Masc,,zoo,NOUN,S,Fem,Past,,,,,,,
scappare.v.01,time.n.08,,Time,it/p37/d2722,Sing,scappare,VERB,V,Part,,,,,,Fem,Past,,,,,,,
time.n.08,now,,TPR,it/p37/d2722,,,,,,,,,,,,,,,,,,,
ridere.v.01,tutto.n.01,nsubj,Agent,it/p37/d0776,Plur,ridere,VERB,V,Fin,Masc,Plur,tutto,PRON,PI,,Imp,Ind,3,,Ind,,,
ridere.v.01,time.n.08,,Time,it/p37/d0776,Plur,ridere,VERB,V,Fin,,,,,,,Imp,Ind,3,,,,,
time.n.08,now,,TPR,it/p37/d0776,,,,,,,,,,,,,,,,,,,
female.n.02,Tom,,Name,it/p37/d1953,,Tom,PROPN,SP,,,,,,,,,,,,,,,
tenere.v.01,female.n.02,nsubj,Agent,it/p37/d1953,Sing,tenere,VERB,V,Part,,,Tom,PROPN,SP,Masc,Past,,,,,,,
tenere.v.01,time.n.08,,Time,it/p37/d1953,Sing,tenere,VERB,V,Part,,,,,,Masc,Past,,,,,,,
tenere.v.01,diario.n.01,obj,Theme,it/p37/d1953,Sing,tenere,VERB,V,Part,Masc,Sing,diario,NOUN,S,Masc,Past,,,,,,,
time.n.08,now,,TPR,it/p37/d1953,,,,,,,,,,,,,,,,,,,
costare.v.01,libro.n.01,nsubj,Theme,it/p37/d2081,Sing,costare,VERB,V,Fin,Masc,Sing,libro,NOUN,S,,Pres,Ind,3,,,,,
pizzicare.v.01,female.n.02,nsubj,Agent,it/p37/d2995,Sing,pizzicare,VERB,V,Part,Fem,Sing,lei,PRON,PE,Masc,Past,,,,Prs,3,,
pizzicare.v.01,time.n.08,,Time,it/p37/d2995,Sing,pizzicare,VERB,V,Part,,,,,,Masc,Past,,,,,,,
time.n.08,now,,TPR,it/p37/d2995,,,,,,,,,,,,,,,,,,,
person.n.01,hearer,,EQU,it/p37/d1420,Sing,tu,PRON,PE,,,,,,,,,,2,Prs,,,,
abbattere.v.01,person.n.01,nsubj,Agent,it/p37/d1420,Sing,abbattere,VERB,V,Part,,Sing,tu,PRON,PE,Masc,Past,,,,Prs,2,,
abbattere.v.01,time.n.08,,Time,it/p37/d1420,Sing,abbattere,VERB,V,Part,,,,,,Masc,Past,,,,,,,
time.n.08,now,,TPR,it/p37/d1420,,,,,,,,,,,,,,,,,,,
female.n.02,Tom,,Name,it/p37/d3016,,Tom,PROPN,SP,,,,,,,,,,,,,,,
guardone.n.01,female.n.02,nsubj,Theme,it/p37/d3016,Sing,guardone,NOUN,S,,,,Tom,PROPN,SP,Masc,,,,,,,,
guardone.n.01,time.n.08,,Time,it/p37/d3016,Sing,guardone,NOUN,S,,,,,,,Masc,,,,,,,,
time.n.08,now,,EQU,it/p37/d3016,,,,,,,,,,,,,,,,,,,
perdere.v.01,time.n.08,,Time,it/p37/d3458,Sing,perdere,VERB,V,Part,,,,,,Masc,Past,,,,,,,
time.n.08,now,,TPR,it/p37/d3458,,,,,,,,,,,,,,,,,,,
time.n.08,now,,EQU,it/p37/d2847,,,,,,,,,,,,,,,,,,,
bussare.v.01,time.n.08,,Time,it/p37/d2847,,bussare,VERB,V,Ger,,,,,,,,,,,,,,
person.n.01,speaker,,EQU,it/p37/d0865,Sing,io,PRON,PE,,,,,,,,,,1,Prs,,,,
annoiato.v.01,time.n.08,,Time,it/p37/d0865,Sing,annoiato,VERB,V,Part,,,,,,Fem,Past,,,,,,,
cantante.n.01,time.n.08,,Time,it/p95/d1815,Sing,cantante,NOUN,S,,,,,,,,,,,,,,,
time.n.08,now,,EQU,it/p95/d1815,,,,,,,,,,,,,,,,,,,
female.n.02,Laurie,,Name,it/p95/d3252,,Laurie,PROPN,SP,,,,,,,,,,,,,,,
durare.v.01,guerra.n.01,nsubj,Theme,it/p95/d0791,Sing,durare,VERB,V,Fin,Fem,Sing,guerra,NOUN,S,,Past,Ind,3,,,,,
female.n.02,Tom,,Name,it/p95/d2649,,Tom,PROPN,SP,,,,,,,,,,,,,,,
time.n.08,now,,EQU,it/p95/d2649,,,,,,,,,,,,,,,,,,,
scherzare.v.01,female.n.02,nsubj,Agent,it/p95/d2649,,scherzare,VERB,V,Ger,,,Tom,PROPN,SP,,,,,,,,,
scherzare.v.01,time.n.08,,Time,it/p95/d2649,,scherzare,VERB,V,Ger,,,,,,,,,,,,,,
female.n.02,Tom,,Name,it/p95/d2744,,Tom,PROPN,SP,,,,,,,,,,,,,,,
spietare.v.01,time.n.08,,Time,it/p95/d2744,Sing,spietare,VERB,V,Part,,,,,,Masc,Past,,,,,,,
female.n.02,Tom,,Name,it/p95/d2528,,Tom,PROPN,SP,,,,,,,,,,,,,,,
dimenare.v.01,female.n.02,nsubj,Agent,it/p95/d2528,Sing,dimenare,VERB,V,Fin,,,Tom,PROPN,SP,,Imp,Ind,3,,,,,
dimenare.v.01,time.n.08,,Time,it/p95/d2528,Sing,dimenare,VERB,V,Fin,,,,,,,Imp,Ind,3,,,,,
time.n.08,now,,TPR,it/p95/d2528,,,,,,,,,,,,,,,,,,,
person.n.01,speaker,,EQU,it/p95/d2274,Sing,io,PRON,PE,,,,,,,,,,1,Prs,,,,
time.n.08,now,,EQU,it/p95/d2274,,,,,,,,,,,,,,,,,,,
sarcastico.a.01,person.n.01,nsubj,AttributeOf,it/p95/d2274,Sing,sarcastico,ADJ,A,,,Sing,io,PRON,PE,Fem,,,,,Prs,1,,
sarcastico.a.01,time.n.08,,Time,it/p95/d2274,Sing,sarcastico,ADJ,A,,,,,,,Fem,,,,,,,,
adorare.v.01,time.n.08,,Time,it/p35/d1764,Sing,adorare,VERB,V,Fin,,,,,,,Pres,Ind,3,,,,,
time.n.08,now,,EQU,it/p35/d1764,,,,,,,,,,,,,,,,,,,
female.n.02,Tom,,Name,it/p35/d3197,,Tom,PROPN,SP,,,,,,,,,,,,,,,
time.n.08,now,,EQU,it/p35/d3197,,,,,,,,,,,,,,,,,,,
nuotare.v.01,time.n.08,,Time,it/p35/d3197,,nuotare,VERB,V,Ger,,,,,,,,,,,,,,
time.n.08,now,,EQU,it/p35/d2375,,,,,,,,,,,,,,,,,,,
spesso.r.01,time.n.08,,Time,it/p35/d2375,,spesso,ADV,B,,,,,,,,,,,,,,,
time.n.08,now,,EQU,it/p35/d0856,,,,,,,,,,,,,,,,,,,
perfetto.a.01,nessuno.n.01,nsubj,AttributeOf,it/p35/d0856,Sing,perfetto,ADJ,A,,Masc,Sing,nessuno,PRON,PI,Masc,,,,,Ind,,,
perfetto.a.01,time.n.08,,Time,it/p35/d0856,Sing,perfetto,ADJ,A,,,,,,,Masc,,,,,,,,
female.n.02,Ges,,Name,it/p35/d2450,,Ges,PROPN,SP,,,,,,,,,,,,,,,
piangere.v.01,female.n.02,nsubj,Agent,it/p35/d2450,Sing,piangere,VERB,V,Fin,,,Ges,PROPN,SP,,Past,Ind,3,,,,,
piangere.v.01,time.n.08,,Time,it/p35/d2450,Sing,piangere,VERB,V,Fin,,,,,,,Past,Ind,3,,,,,
time.n.08,now,,TPR,it/p35/d2450,,,,,,,,,,,,,,,,,,,
female.n.02,Tom,,Name,it/p35/d2796,,Tom,PROPN,SP,,,,,,,,,,,,,,,
time.n.08,now,,EQU,it/p35/d2796,,,,,,,,,,,,,,,,,,,
giovane.a.01,female.n.02,nsubj,AttributeOf,it/p35/d2796,Sing,giovane,ADJ,A,,,,Tom,PROPN,SP,,,,,,,,,
giovane.a.01,time.n.08,,Time,it/p35/d2796,Sing,giovane,ADJ,A,,,,,,,,,,,,,,,
time.n.08,now,,EQU,it/p35/d2657,,,,,,,,,,,,,,,,,,,
comporre.v.01,911,obj,Agent,it/p35/d2791,Sing,comporre,VERB,V,Part,,,911,,N,Masc,Past,,,,,,,Card
comporre.v.01,time.n.08,,Time,it/p35/d2791,Sing,comporre,VERB,V,Part,,,,,,Masc,Past,,,,,,,
time.n.08,now,,TPR,it/p35/d2791,,,,,,,,,,,,,,,,,,,
female.n.02,Tom,,Name,it/p35/d2791,,Tom,PROPN,SP,,,,,,,,,,,,,,,
time.n.08,now,,EQU,it/p35/d1535,,,,,,,,,,,,,,,,,,,
carino.a.01,time.n.08,,Time,it/p35/d1535,Sing,carino,ADJ,A,,,,,,,Fem,,,,,,,,
person.n.01,speaker,,EQU,it/p59/d2672,Sing,io,PRON,PE,,,,,,,,,,1,Prs,,,,
ballare.v.01,time.n.08,,Time,it/p59/d2672,,ballare,VERB,V,Ger,,,,,,,,,,,,,,
perfetto.a.01,atterraggio.n.01,nsubj,AttributeOf,it/p59/d2669,Sing,perfetto,ADJ,A,,Masc,Sing,atterraggio,NOUN,S,Masc,,,,,,,,
perfetto.a.01,time.n.08,,Time,it/p59/d2669,Sing,perfetto,ADJ,A,,,,,,,Masc,,,,,,,,
female.n.02,Londra,,Name,it/p59/d3181,,Londra,PROPN,SP,,,,,,,,,,,,,,,
time.n.08,now,,TPR,it/p59/d2551,,,,,,,,,,,,,,,,,,,
arrestare.v.01,time.n.08,,Time,it/p59/d2551,Plur,arrestare,VERB,V,Part,,,,,,Fem,Past,,,,,,,
person.n.01,speaker,,EQU,it/p59/d3416,Sing,mi,PRON,PC,,,,,,,,,,1,Prs,,,,
mordere.v.01,qualcosa.n.01,nsubj,Agent,it/p59/d3416,Sing,mordere,VERB,V,Part,,Sing,qualcosa,PRON,PI,Masc,Past,,,,Ind,,,
mordere.v.01,time.n.08,,Time,it/p59/d3416,Sing,mordere,VERB,V,Part,,,,,,Masc,Past,,,,,,,
time.n.08,now,,TPR,it/p59/d3416,,,,,,,,,,,,,,,,,,,
female.n.02,Tom,,Name,it/p08/d2232,,Tom,PROPN,SP,,,,,,,,,,,,,,,
time.n.08,now,,EQU,it/p08/d2232,,,,,,,,,,,,,,,,,,,
ballare.v.01,time.n.08,,Time,it/p08/d2232,,ballare,VERB,V,Ger,,,,,,,,,,,,,,
time.n.08,now,,EQU,it/p08/d0853,,,,,,,,,,,,,,,,,,,
gratuito.a.01,time.n.08,,Time,it/p08/d0853,Sing,gratuito,ADJ,A,,,,,,,Fem,,,,,,,,
person.n.01,speaker,,EQU,it/p08/d0911,Sing,mi,PRON,PC,,,,,,,,,,1,Prs,,,,
piacere.v.01,time.n.08,,Time,it/p08/d0911,Sing,piacere,VERB,V,Fin,,,,,,,Pres,Ind,3,,,,,
time.n.08,now,,EQU,it/p08/d0911,,,,,,,,,,,,,,,,,,,
person.n.01,speaker,,EQU,it/p08/d0801,Sing,io,PRON,PE,,,,,,,,,,1,Prs,,,,
rompere.v.01,person.n.01,nsubj,Agent,it/p08/d0801,Sing,rompere,VERB,V,Part,,Sing,io,PRON,PE,Masc,Past,,,,Prs,1,,
rompere.v.01,time.n.08,,Time,it/p08/d0801,Sing,rompere,VERB,V,Part,,,,,,Masc,Past,,,,,,,
time.n.08,now,,TPR,it/p08/d0801,,,,,,,,,,,,,,,,,,,
morire.v.01,time.n.08,,Time,it/p08/d2966,Plur,morire,VERB,V,Fin,,,,,,,Fut,Ind,3,,,,,
time.n.08,now,,TSU,it/p08/d2966,,,,,,,,,,,,,,,,,,,
time.n.08,now,,EQU,it/p08/d2575,,,,,,,,,,,,,,,,,,,
miagolare.v.01,time.n.08,,Time,it/p08/d2575,,miagolare,VERB,V,Ger,,,,,,,,,,,,,,
female.n.02,Katrina,,Name,it/p08/d2911,,Katrina,PROPN,SP,,,,,,,,,,,,,,,
devastare.v.01,time.n.08,,Time,it/p08/d2911,Sing,devastare,VERB,V,Part,,,,,,Masc,Past,,,,,,,
time.n.08,now,,TPR,it/p08/d2911,,,,,,,,,,,,,,,,,,,
female.n.02,New,,Name,it/p08/d2911,,New,PROPN,SP,,,,,,,,,,,,,,,
female.n.02,Iraq,,Name,it/p08/d0765,,Iraq,PROPN,SP,,,,,,,,,,,,,,,
costare.v.01,libro.n.01,nsubj,Theme,it/p08/d0934,Sing,costare,VERB,V,Fin,Masc,Sing,libro,NOUN,S,,Pres,Ind,3,,,,,
time.n.08,now,,EQU,it/p08/d2979,,,,,,,,,,,,,,,,,,,
lontano.a.01,time.n.08,,Time,it/p08/d2979,Sing,lontano,ADJ,A,,,,,,,Fem,,,,,,,,
gentile.a.01,time.n.08,,Time,it/p08/d2252,Sing,gentile,ADJ,A,,,,,,,,,,,,,,,
time.n.08,now,,EQU,it/p08/d2812,,,,,,,,,,,,,,,,,,,
correre.v.01,soldato.n.01,nsubj,Theme,it/p08/d2042,Sing,correre,VERB,V,Part,Masc,Sing,soldato,NOUN,S,Masc,Past,,,,,,,
correre.v.01,time.n.08,,Time,it/p08/d2042,Sing,correre,VERB,V,Part,,,,,,Masc,Past,,,,,,,
time.n.08,now,,TPR,it/p08/d2042,,,,,,,,,,,,,,,,,,,
spaventoso.a.01,time.n.08,,Time,it/p08/d1520,Sing,spaventoso,ADJ,A,,,,,,,Masc,,,,,,,,
female.n.02,Michael,,Name,it/p08/d2209,,Michael,PROPN,SP,,,,,,,,,,,,,,,
morire.v.01,time.n.08,,Time,it/p08/d2209,Sing,morire,VERB,V,Fin,,,,,,,Past,Ind,3,,,,,
time.n.08,now,,TPR,it/p08/d2209,,,,,,,,,,,,,,,,,,,
time.n.08,now,,EQU,it/p08/d1958,,,,,,,,,,,,,,,,,,,
odiare.v.01,time.n.08,,Time,it/p08/d2876,Sing,odiare,VERB,V,Fin,,,,,,,Imp,Ind,3,,,,,
time.n.08,now,,TPR,it/p08/d2876,,,,,,,,,,,,,,,,,,,
female.n.02,Tom,,Name,it/p78/d0927,,Tom,PROPN,SP,,,,,,,,,,,,,,,
urlare.v.01,female.n.02,nsubj,Agent,it/p78/d0927,,urlare,VERB,V,Ger,,,Tom,PROPN,SP,,,,,,,,,
urlare.v.01,time.n.08,,Time,it/p78/d0927,,urlare,VERB,V,Ger,,,,,,,,,,,,,,
avere.v.01,time.n.08,,Time,it/p78/d2158,Sing,avere,VERB,V,Fin,,,,,,,Pres,Ind,3,,,,,
time.n.08,now,,EQU,it/p78/d2158,,,,,,,,,,,,,,,,,,,
female.n.02,Michael,,Name,it/p78/d0763,,Michael,PROPN,SP,,,,,,,,,,,,,,,
autore.n.01,female.n.02,nsubj,Theme,it/p78/d0763,Sing,autore,NOUN,S,,,,Michael,PROPN,SP,Masc,,,,,,,,
autore.n.01,time.n.08,,Time,it/p78/d0763,Sing,autore,NOUN,S,,,,,,,Masc,,,,,,,,
time.n.08,now,,EQU,it/p78/d0763,,,,,,,,,,,,,,,,,,,
female.n.02,Tom,,Name,it/p78/d2567,,Tom,PROPN,SP,,,,,,,,,,,,,,,
dispiacere.v.01,time.n.08,,Time,it/p78/d2567,Sing,dispiacere,VERB,V,Part,,,,,,Masc,Past,,,,,,,
time.n.08,now,,EQU,it/p78/d1663,,,,,,,,,,,,,,,,,,,
interessante.a.01,nessuno.n.01,nsubj,AttributeOf,it/p78/d1663,Sing,interessante,ADJ,A,,Masc,Sing,nessuno,PRON,PI,,,,,,Ind,,,
interessante.a.01,time.n.08,,Time,it/p78/d1663,Sing,interessante,ADJ,A,,,,,,,,,,,,,,,
person.n.01,speaker,,EQU,it/p78/d2797,Sing,io,PRON,PE,,,,,,,,,,1,Prs,,,,
volere.v.01,time.n.08,,Time,it/p78/d2797,Sing,volere,VERB,V,Fin,,,,,,,Pres,Ind,1,,,,,
volere.v.01,gelato.n.01,obl,Theme,it/p78/d2797,Sing,volere,VERB,V,Fin,Masc,Sing,gelato,NOUN,S,,Pres,Ind,1,,,,,
time.n.08,now,,EQU,it/p78/d2797,,,,,,,,,,,,,,,,,,,
female.n.02,Damasco,,Name,it/p78/d1783,,Damasco,PROPN,SP,,,,,,,,,,,,,,,
costare.v.01,caramella.n.01,nsubj,Theme,it/p78/d2850,Sing,costare,VERB,V,Fin,Fem,Sing,caramella,NOUN,S,,Pres,Ind,3,,,,,
person.n.01,speaker,,EQU,it/p78/d2165,Sing,mi,PRON,PC,,,,,,,,,,1,Prs,,,,
infastidire.v.01,time.n.08,,Time,it/p78/d2165,Sing,infastidire,VERB,V,Fin,,,,,,,Pres,Ind,3,,,,,
time.n.08,now,,EQU,it/p78/d2165,,,,,,,,,,,,,,,,,,,
avere.v.01,time.n.08,,Time,it/p58/d1506,Sing,avere,VERB,V,Fin,,,,,,,Pres,Ind,3,,,,,
avere.v.01,edificio.n.01,nsubj,Theme,it/p58/d1506,Sing,avere,VERB,V,Fin,Masc,Sing,edificio,NOUN,S,,Pres,Ind,3,,,,,
time.n.08,now,,EQU,it/p58/d1506,,,,,,,,,,,,,,,,,,,
issatare.v.01,time.n.08,,Time,it/p58/d1858,Sing,issatare,VERB,V,Part,,,,,,Fem,Past,,,,,,,
time.n.08,now,,TPR,it/p58/d3249,,,,,,,,,,,,,,,,,,,
incazzato.v.01,time.n.08,,Time,it/p58/d3249,Sing,incazzato,VERB,V,Part,,,,,,Masc,Past,,,,,,,
scorrere.v.01,time.n.08,,Time,it/p58/d2227,Sing,scorrere,VERB,V,Fin,,,,,,,Pres,Ind,3,,,,,
time.n.08,now,,EQU,it/p58/d2227,,,,,,,,,,,,,,,,,,,
sbuffare.v.01,time.n.08,,Time,it/p58/d1974,Sing,sbuffare,VERB,V,Fin,,,,,,,Pres,Ind,3,,,,,
time.n.08,now,,EQU,it/p58/d1974,,,,,,,,,,,,,,,,,,,
female.n.02,Tom,,Name,it/p18/d3488,,Tom,PROPN,SP,,,,,,,,,,,,,,,
time.n.08,now,,TPR,it/p18/d3488,,,,,,,,,,,,,,,,,,,
relegare.v.01,time.n.08,,Time,it/p18/d3488,Sing,relegare,VERB,V,Part,,,,,,Masc,Past,,,,,,,
rubare.v.01,qualcuno.n.01,nsubj,Agent,it/p18/d2348,Sing,rubare,VERB,V,Part,Masc,Sing,qualcuno,PRON,PI,Masc,Past,,,,Ind,,,
sussurre.v.01,time.n.08,,Time,it/p18/d2263,Sing,sussurre,VERB,V,Fin,,,,,,,Past,Ind,1,,,,,
time.n.08,now,,TPR,it/p18/d2263,,,,,,,,,,,,,,,,,,,
time.n.08,now,,EQU,it/p18/d1618,,,,,,,,,,,,,,,,,,,
alto.a.01,padre.n.01,nsubj,AttributeOf,it/p18/d1618,Sing,alto,ADJ,A,,Masc,Sing,padre,NOUN,S,Masc,,,,,,,,
alto.a.01,time.n.08,,Time,it/p18/d1618,Sing,alto,ADJ,A,,,,,,,Masc,,,,,,,,
musicista.n.01,time.n.08,,Time,it/p18/d1400,Sing,musicista,NOUN,S,,,,,,,,,,,,,,,
time.n.08,now,,EQU,it/p18/d3348,,,,,,,,,,,,,,,,,,,
allergico.a.01,time.n.08,,Time,it/p18/d3348,Sing,allergico,ADJ,A,,,,,,,Masc,,,,,,,,
chi.n.01,time.n.08,,Time,it/p18/d1392,,chi,PRON,PQ,,,,,,,,,,,Int,,,,
time.n.08,now,,EQU,it/p18/d1392,,,,,,,,,,,,,,,,,,,
female.n.02,Aaron,,Name,it/p18/d1392,,Aaron,PROPN,SP,,,,,,,,,,,,,,,
scrivere.v.01,female.n.02,obj,Time,it/p18/d1396,Sing,scrivere,VERB,V,Fin,,,Die,PROPN,SP,,Past,Ind,3,,,,,
female.n.02,Tom,,Name,it/p18/d2557,,Tom,PROPN,SP,,,,,,,,,,,,,,,
stordire.v.01,time.n.08,,Time,it/p18/d2557,Sing,stordire,VERB,V,Part,,,,,,Masc,Past,,,,,,,
female.n.02,corsa.n.01,nmod,Agent,it/p18/d1832,,Tom,PROPN,SP,,Fem,Sing,corsa,NOUN,S,,,,,,,,,
female.n.02,time.n.08,,Time,it/p18/d1832,,Tom,PROPN,SP,,,,,,,,,,,,,,,
attore.n.01,time.n.08,,Time,it/p66/d0715,Sing,attore,NOUN,S,,,,,,,Masc,,,,,,,,
mangiare.v.01,time.n.08,,Time,it/p66/d3411,Sing,mangiare,VERB,V,Part,,,,,,Masc,Past,,,,,,,
time.n.08,now,,TPR,it/p66/d3411,,,,,,,,,,,,,,,,,,,
chi.n.01,time.n.08,,Time,it/p66/d1396,,chi,PRON,PQ,,,,,,,,,,,Int,,,,
time.n.08,now,,EQU,it/p66/d1396,,,,,,,,,,,,,,,,,,,
female.n.02,Anwar,,Name,it/p66/d1396,,Anwar,PROPN,SP,,,,,,,,,,,,,,,
female.n.02,Ken,,Name,it/p66/d2406,,Ken,PROPN,SP,,,,,,,,,,,,,,,
time.n.08,now,,EQU,it/p66/d2406,,,,,,,,,,,,,,,,,,,
felice.a.01,time.n.08,,Time,it/p66/d2406,Sing,felice,ADJ,A,,,,,,,,,,,,,,,
female.n.02,Dean,,Name,it/p66/d0712,,Dean,PROPN,SP,,,,,,,,,,,,,,,
female.n.02,Tom,,Name,it/p66/d2558,,Tom,PROPN,SP,,,,,,,,,,,,,,,
time.n.08,now,,EQU,it/p66/d2558,,,,,,,,,,,,,,,,,,,
furioso.a.01,time.n.08,,Time,it/p66/d2558,Sing,furioso,ADJ,A,,,,,,,Masc,,,,,,,,
costare.v.01,libro.n.01,nsubj,Theme,it/p66/d3367,Sing,costare,VERB,V,Fin,Masc,Sing,libro,NOUN,S,,Pres,Ind,3,,,,,
drammaturgo.n.01,time.n.08,,Time,it/p66/d0764,Sing,drammaturgo,NOUN,S,,,,,,,Masc,,,,,,,,
time.n.08,now,,EQU,it/p66/d0764,,,,,,,,,,,,,,,,,,,
female.n.02,Napoleone,,Name,it/p36/d3414,,Napoleone,PROPN,SP,,,,,,,,,,,,,,,
female.n.02,Tom,,Name,it/p36/d3304,,Tom,PROPN,SP,,,,,,,,,,,,,,,
piegare.v.01,female.n.02,nsubj,Agent,it/p36/d3304,Sing,piegare,VERB,V,Fin,,,Tom,PROPN,SP,,Past,Ind,3,,,,,
piegare.v.01,time.n.08,,Time,it/p36/d3304,Sing,piegare,VERB,V,Fin,,,,,,,Past,Ind,3,,,,,
time.n.08,now,,TPR,it/p36/d3304,,,,,,,,,,,,,,,,,,,
female.n.02,Tom,,Name,it/p36/d1542,,Tom,PROPN,SP,,,,,,,,,,,,,,,
guidare.v.01,female.n.02,nsubj,Agent,it/p36/d1542,Sing,guidare,VERB,V,Part,,,Tom,PROPN,SP,Masc,Past,,,,,,,
guidare.v.01,time.n.08,,Time,it/p36/d1542,Sing,guidare,VERB,V,Part,,,,,,Masc,Past,,,,,,,
guidare.v.01,automobile.n.01,obj,Theme,it/p36/d1542,Sing,guidare,VERB,V,Part,Fem,Sing,automobile,NOUN,S,Masc,Past,,,,,,,
time.n.08,now,,TPR,it/p36/d1542,,,,,,,,,,,,,,,,,,,
abbondare.v.01,oceano.n.01,obl,Theme,it/p36/d1405,Plur,abbondare,VERB,V,Fin,Masc,Sing,oceano,NOUN,S,,Pres,Ind,3,,,,,
abbondare.v.01,time.n.08,,Time,it/p36/d1405,Plur,abbondare,VERB,V,Fin,,,,,,,Pres,Ind,3,,,,,
time.n.08,now,,EQU,it/p36/d1405,,,,,,,,,,,,,,,,,,,
avere.v.01,anno.n.01,obj,Theme,it/p36/d1882,Sing,avere,VERB,V,Fin,Masc,Plur,anno,NOUN,S,,Pres,Ind,1,,,,,
avere.v.01,time.n.08,,Time,it/p36/d1882,Sing,avere,VERB,V,Fin,,,,,,,Pres,Ind,1,,,,,
time.n.08,now,,EQU,it/p36/d1882,,,,,,,,,,,,,,,,,,,
female.n.02,Tom,,Name,it/p36/d1521,,Tom,PROPN,SP,,,,,,,,,,,,,,,
riumpire.v.01,female.n.02,nsubj,Agent,it/p36/d1521,Sing,riumpire,VERB,V,Fin,,,Tom,PROPN,SP,,Past,Ind,3,,,,,
riumpire.v.01,time.n.08,,Time,it/p36/d1521,Sing,riumpire,VERB,V,Fin,,,,,,,Past,Ind,3,,,,,
riumpire.v.01,acqua.n.01,obl,Theme,it/p36/d1521,Sing,riumpire,VERB,V,Fin,Fem,Sing,acqua,NOUN,S,,Past,Ind,3,,,,,
time.n.08,now,,TPR,it/p36/d1521,,,,,,,,,,,,,,,,,,,
scappare.v.01,zoo.n.01,obl,Theme,it/p36/d1982,Sing,scappare,VERB,V,Part,Masc,,zoo,NOUN,S,Fem,Past,,,,,,,
scappare.v.01,time.n.08,,Time,it/p36/d1982,Sing,scappare,VERB,V,Part,,,,,,Fem,Past,,,,,,,
time.n.08,now,,TPR,it/p36/d1982,,,,,,,,,,,,,,,,,,,
female.n.02,Tom,,Name,it/p36/d1602,,Tom,PROPN,SP,,,,,,,,,,,,,,,
time.n.08,now,,EQU,it/p36/d1602,,,,,,,,,,,,,,,,,,,
guidare.v.01,female.n.02,nsubj,Agent,it/p36/d1602,,guidare,VERB,V,Ger,,,Tom,PROPN,SP,,,,,,,,,
guidare.v.01,time.n.08,,Time,it/p36/d1602,,guidare,VERB,V,Ger,,,,,,,,,,,,,,
guidare.v.01,camion.n.01,obj,Theme,it/p36/d1602,,guidare,VERB,V,Ger,Masc,,camion,NOUN,S,,,,,,,,,
sorridere.v.01,time.n.08,,Time,it/p36/d2853,Sing,sorridere,VERB,V,Part,,,,,,Masc,Past,,,,,,,
time.n.08,now,,TPR,it/p36/d2853,,,,,,,,,,,,,,,,,,,
female.n.02,Mayuko,,Name,it/p45/d0783,,Mayuko,PROPN,SP,,,,,,,,,,,,,,,
entrare.v.01,time.n.08,,Time,it/p45/d0783,Sing,entrare,VERB,V,Fin,,,,,,,Past,Ind,3,,,,,
time.n.08,now,,TPR,it/p45/d0783,,,,,,,,,,,,,,,,,,,
abbondare.v.01,time.n.08,,Time,it/p45/d3401,Sing,abbondare,VERB,V,Fin,,,,,,,Pres,Ind,3,,,,,
abbondare.v.01,fiume.n.01,nsubj,Theme,it/p45/d3401,Sing,abbondare,VERB,V,Fin,Masc,Sing,fiume,NOUN,S,,Pres,Ind,3,,,,,
time.n.08,now,,EQU,it/p45/d3401,,,,,,,,,,,,,,,,,,,
female.n.02,Tom,,Name,it/p45/d2640,,Tom,PROPN,SP,,,,,,,,,,,,,,,
perdere.v.01,female.n.02,nsubj,Agent,it/p45/d2640,Sing,perdere,VERB,V,Fin,,,Tom,PROPN,SP,,Past,Ind,3,,,,,
perdere.v.01,time.n.08,,Time,it/p45/d2640,Sing,perdere,VERB,V,Fin,,,,,,,Past,Ind,3,,,,,
perdere.v.01,elezione.n.01,obj,Theme,it/p45/d2640,Sing,perdere,VERB,V,Fin,Fem,Plur,elezione,NOUN,S,,Past,Ind,3,,,,,
time.n.08,now,,TPR,it/p45/d2640,,,,,,,,,,,,,,,,,,,
Qual.n.01,time.n.08,,Time,it/p45/d2152,Sing,Qual,PRON,PQ,,,,,,,,,,,Int,,,,
Qual.n.01,titolo.n.01,nsubj,Co-Theme,it/p45/d2152,Sing,Qual,PRON,PQ,,Masc,Sing,titolo,NOUN,S,,,,,Int,,,,
time.n.08,now,,EQU,it/p45/d2152,,,,,,,,,,,,,,,,,,,
female.n.02,Tom,,Name,it/p45/d2416,,Tom,PROPN,SP,,,,,,,,,,,,,,,
perdonare.v.01,time.n.08,,Time,it/p45/d2416,Sing,perdonare,VERB,V,Part,,,,,,Masc,Past,,,,,,,
female.n.02,Tom,,Name,it/p45/d3389,,Tom,PROPN,SP,,,,,,,,,,,,,,,
time.n.08,now,,EQU,it/p45/d3389,,,,,,,,,,,,,,,,,,,
allergico.a.01,time.n.08,,Time,it/p45/d3389,Sing,allergico,ADJ,A,,,,,,,Masc,,,,,,,,
allergico.a.01,uovo.n.01,obl,Stimulus,it/p45/d3389,Sing,allergico,ADJ,A,,Fem,Plur,uovo,NOUN,S,Masc,,,,,,,,
female.n.02,Tom,,Name,it/p45/d2855,,Tom,PROPN,SP,,,,,,,,,,,,,,,
time.n.08,now,,EQU,it/p45/d2855,,,,,,,,,,,,,,,,,,,
smilzo.a.01,time.n.08,,Time,it/p45/d2855,Sing,smilzo,ADJ,A,,,,,,,Masc,,,,,,,,
time.n.08,now,,EQU,it/p45/d1548,,,,,,,,,,,,,,,,,,,
mentire.v.01,qualcuno.n.01,nsubj,Agent,it/p45/d1548,,mentire,VERB,V,Ger,Masc,Sing,qualcuno,PRON,PI,,,,,,Ind,,,
mentire.v.01,time.n.08,,Time,it/p45/d1548,,mentire,VERB,V,Ger,,,,,,,,,,,,,,
costare.v.01,t.n.01,nsubj,Theme,it/p45/d0867,Sing,costare,VERB,V,Fin,Masc,,t,NOUN,S,,Pres,Ind,3,,,,,
abbaiare.v.01,time.n.08,,Time,it/p69/d3126,Sing,abbaiare,VERB,V,Part,,,,,,Masc,Past,,,,,,,
time.n.08,now,,TPR,it/p69/d3126,,,,,,,,,,,,,,,,,,,
female.n.02,Raymond,,Name,it/p69/d1391,,Raymond,PROPN,SP,,,,,,,,,,,,,,,
lavorare.v.01,time.n.08,,Time,it/p69/d1391,Sing,lavorare,VERB,V,Fin,,,,,,,Pres,Ind,3,,,,,
time.n.08,now,,EQU,it/p69/d1391,,,,,,,,,,,,,,,,,,,
female.n.02,Tom,,Name,it/p69/d3127,,Tom,PROPN,SP,,,,,,,,,,,,,,,
time.n.08,now,,EQU,it/p69/d3127,,,,,,,,,,,,,,,,,,,
sudare.v.01,time.n.08,,Time,it/p69/d3127,,sudare,VERB,V,Ger,,,,,,,,,,,,,,
female.n.02,Tom,,Name,it/p69/d2579,,Tom,PROPN,SP,,,,,,,,,,,,,,,
time.n.08,now,,EQU,it/p69/d2579,,,,,,,,,,,,,,,,,,,
allerta.n.01,time.n.08,,Time,it/p69/d2579,Sing,allerta,NOUN,S,,,,,,,Fem,,,,,,,,
nevicare.v.01,time.n.08,,Time,it/p69/d0867,Sing,nevicare,VERB,V,Fin,,,,,,,Pres,Ind,3,,,,,
time.n.08,now,,EQU,it/p69/d0867,,,,,,,,,,,,,,,,,,,
puzzare.v.01,cane.n.01,nsubj,Theme,it/p88/d0927,Sing,puzzare,VERB,V,Fin,Masc,Sing,cane,NOUN,S,,Pres,Ind,3,,,,,
puzzare.v.01,time.n.08,,Time,it/p88/d0927,Sing,puzzare,VERB,V,Fin,,,,,,,Pres,Ind,3,,,,,
time.n.08,now,,EQU,it/p88/d0927,,,,,,,,,,,,,,,,,,,
female.n.02,Tom,,Name,it/p88/d1579,,Tom,PROPN,SP,,,,,,,,,,,,,,,
importare.v.01,female.n.02,nsubj,Agent,it/p88/d1579,Sing,importare,VERB,V,Fin,,,Tom,PROPN,SP,,Past,Ind,3,,,,,
importare.v.01,time.n.08,,Time,it/p88/d1579,Sing,importare,VERB,V,Fin,,,,,,,Past,Ind,3,,,,,
importare.v.01,timer.n.01,obj,Theme,it/p88/d1579,Sing,importare,VERB,V,Fin,Masc,,timer,NOUN,S,,Past,Ind,3,,,,,
time.n.08,now,,TPR,it/p88/d1579,,,,,,,,,,,,,,,,,,,
camionista.n.01,time.n.08,,Time,it/p88/d1690,Sing,camionista,NOUN,S,,,,,,,,,,,,,,,
time.n.08,now,,EQU,it/p88/d1690,,,,,,,,,,,,,,,,,,,
time.n.08,now,,EQU,it/p88/d2833,,,,,,,,,,,,,,,,,,,
utile.a.01,nessuno.n.01,nsubj,AttributeOf,it/p88/d2833,Sing,utile,ADJ,A,,Masc,Sing,nessuno,PRON,PI,,,,,,Ind,,,
utile.a.01,time.n.08,,Time,it/p88/d2833,Sing,utile,ADJ,A,,,,,,,,,,,,,,,
appartenere.v.01,libro.n.01,nsubj,Theme,it/p88/d2317,Sing,appartenere,VERB,V,Fin,Masc,Sing,libro,NOUN,S,,Pres,Ind,3,,,,,
appartenere.v.01,time.n.08,,Time,it/p88/d2317,Sing,appartenere,VERB,V,Fin,,,,,,,Pres,Ind,3,,,,,
time.n.08,now,,EQU,it/p88/d2317,,,,,,,,,,,,,,,,,,,
female.n.02,Tony,,Name,it/p88/d2317,,Tony,PROPN,SP,,,,,,,,,,,,,,,
amare.v.01,female.n.02,obj,Time,it/p89/d2521,Plur,amare,VERB,V,Fin,,,Tom,PROPN,SP,,Pres,Ind,3,,,,,
comprare.v.01,time.n.08,,Time,it/p89/d2513,Sing,comprare,VERB,V,Part,,,,,,Masc,Past,,,,,,,
time.n.08,now,,TPR,it/p89/d2513,,,,,,,,,,,,,,,,,,,
female.n.02,Tom,,Name,it/p89/d2261,,Tom,PROPN,SP,,,,,,,,,,,,,,,
time.n.08,now,,EQU,it/p89/d2261,,,,,,,,,,,,,,,,,,,
allergico.a.01,time.n.08,,Time,it/p89/d2261,Sing,allergico,ADJ,A,,,,,,,Masc,,,,,,,,
allergico.a.01,polvere.n.01,obl,Stimulus,it/p89/d2261,Sing,allergico,ADJ,A,,Fem,Sing,polvere,NOUN,S,Masc,,,,,,,,
female.n.02,Mary,,Name,it/p89/d2072,,Mary,PROPN,SP,,,,,,,,,,,,,,,
consolare.v.01,time.n.08,,Time,it/p89/d2072,Sing,consolare,VERB,V,Fin,,,,,,,Past,Ind,3,,,,,
time.n.08,now,,TPR,it/p89/d2072,,,,,,,,,,,,,,,,,,,
female.n.02,Tom,,Name,it/p89/d2072,,Tom,PROPN,SP,,,,,,,,,,,,,,,
female.n.02,Tom,,Name,it/p89/d1893,,Tom,PROPN,SP,,,,,,,,,,,,,,,
time.n.08,now,,EQU,it/p89/d1893,,,,,,,,,,,,,,,,,,,
sveglio.a.01,female.n.02,nsubj,AttributeOf,it/p89/d1893,Sing,sveglio,ADJ,A,,,,Tom,PROPN,SP,Masc,,,,,,,,
sveglio.a.01,time.n.08,,Time,it/p89/d1893,Sing,sveglio,ADJ,A,,,,,,,Masc,,,,,,,,
time.n.08,now,,EQU,it/p89/d1406,,,,,,,,,,,,,,,,,,,
marcia.n.01,time.n.08,,Time,it/p89/d1406,Sing,marcia,NOUN,S,,,,,,,Fem,,,,,,,,
annoiato.v.01,time.n.08,,Time,it/p06/d1689,Sing,annoiato,VERB,V,Part,,,,,,Fem,Past,,,,,,,
time.n.08,now,,EQU,it/p06/d0927,,,,,,,,,,,,,,,,,,,
indossare.v.01,time.n.08,,Time,it/p06/d0927,,indossare,VERB,V,Ger,,,,,,,,,,,,,,
andare.v.01,figlio.n.01,nsubj,Theme,it/p06/d2717,Sing,andare,VERB,V,Part,Masc,Sing,figlio,NOUN,S,Masc,Past,,,,,,,
time.n.08,now,,EQU,it/p06/d2126,,,,,,,,,,,,,,,,,,,
avere.v.01,time.n.08,,Time,it/p06/d2903,Sing,avere,VERB,V,Fin,,,,,,,Pres,Ind,1,,,,,
time.n.08,now,,EQU,it/p06/d2903,,,,,,,,,,,,,,,,,,,
female.n.02,Tom,,Name,it/p06/d2955,,Tom,PROPN,SP,,,,,,,,,,,,,,,
time.n.08,now,,EQU,it/p06/d2955,,,,,,,,,,,,,,,,,,,
indossare.v.01,female.n.02,nsubj,Agent,it/p06/d2955,,indossare,VERB,V,Ger,,,Tom,PROPN,SP,,,,,,,,,
indossare.v.01,time.n.08,,Time,it/p06/d2955,,indossare,VERB,V,Ger,,,,,,,,,,,,,,
indossare.v.01,smoking.n.01,obj,Theme,it/p06/d2955,,indossare,VERB,V,Ger,Masc,,smoking,NOUN,S,,,,,,,,,
scrivere.v.01,male.n.02,nsubj,Agent,it/p06/d2716,Sing,scrivere,VERB,V,Fin,Masc,Sing,lui,PRON,PE,,Past,Ind,3,,Prs,3,,
scrivere.v.01,time.n.08,,Time,it/p06/d2716,Sing,scrivere,VERB,V,Fin,,,,,,,Past,Ind,3,,,,,
time.n.08,now,,TPR,it/p06/d2716,,,,,,,,,,,,,,,,,,,
female.n.02,Cina,,Name,it/p06/d2716,,Cina,PROPN,SP,,,,,,,,,,,,,,,
female.n.02,Tom,,Name,it/p06/d3150,,Tom,PROPN,SP,,,,,,,,,,,,,,,
time.n.08,now,,EQU,it/p06/d3150,,,,,,,,,,,,,,,,,,,
imbrogliare.v.01,female.n.02,nsubj,Agent,it/p06/d3150,,imbrogliare,VERB,V,Ger,,,Tom,PROPN,SP,,,,,,,,,
imbrogliare.v.01,time.n.08,,Time,it/p06/d3150,,imbrogliare,VERB,V,Ger,,,,,,,,,,,,,,
time.n.08,now,,EQU,it/p06/d1708,,,,,,,,,,,,,,,,,,,
patetico.a.01,time.n.08,,Time,it/p06/d1708,Sing,patetico,ADJ,A,,,,,,,Masc,,,,,,,,
stacanovista.n.01,time.n.08,,Time,it/p06/d2598,Sing,stacanovista,NOUN,S,,,,,,,Masc,,,,,,,,
time.n.08,now,,EQU,it/p06/d2598,,,,,,,,,,,,,,,,,,,
female.n.02,Tom,,Name,it/p06/d2543,,Tom,PROPN,SP,,,,,,,,,,,,,,,
time.n.08,now,,EQU,it/p06/d2543,,,,,,,,,,,,,,,,,,,
singhiozzare.v.01,female.n.02,nsubj,Agent,it/p06/d2543,,singhiozzare,VERB,V,Ger,,,Tom,PROPN,SP,,,,,,,,,
singhiozzare.v.01,time.n.08,,Time,it/p06/d2543,,singhiozzare,VERB,V,Ger,,,,,,,,,,,,,,
vuoto.a.01,ristorante.n.01,nsubj,AttributeOf,it/p06/d3541,Sing,vuoto,ADJ,A,,Masc,Sing,ristorante,NOUN,S,Masc,,,,,,,,
vuoto.a.01,time.n.08,,Time,it/p06/d3541,Sing,vuoto,ADJ,A,,,,,,,Masc,,,,,,,,
female.n.02,Tom,,Name,it/p06/d2913,,Tom,PROPN,SP,,,,,,,,,,,,,,,
avere.v.01,time.n.08,,Time,it/p06/d2913,Sing,avere,VERB,V,Fin,,,,,,,Pres,Ind,3,,,,,
time.n.08,now,,EQU,it/p06/d2913,,,,,,,,,,,,,,,,,,,
votare.v.01,time.n.08,,Time,it/p06/d0872,Sing,votare,VERB,V,Fin,,,,,,,Pres,Ind,1,,,,,
time.n.08,now,,EQU,it/p06/d2380,,,,,,,,,,,,,,,,,,,
suonare.v.01,time.n.08,,Time,it/p06/d2380,,suonare,VERB,V,Ger,,,,,,,,,,,,,,
suonare.v.01,bambino.n.01,nsubj,Theme,it/p06/d2380,,suonare,VERB,V,Ger,Fem,Sing,bambino,NOUN,S,,,,,,,,,
female.n.02,Tom,,Name,it/p06/d2732,,Tom,PROPN,SP,,,,,,,,,,,,,,,
balbettare.v.01,female.n.02,nsubj,Agent,it/p06/d2732,,balbettare,VERB,V,Ger,,,Tom,PROPN,SP,,,,,,,,,
balbettare.v.01,time.n.08,,Time,it/p06/d2732,,balbettare,VERB,V,Ger,,,,,,,,,,,,,,
person.n.01,speaker,,EQU,it/p06/d3500,Plur,noi,PRON,PE,,,,,,,,,,1,Prs,,,,
volere.v.01,time.n.08,,Time,it/p06/d3500,Sing,volere,VERB,V,Fin,,,,,,,Imp,Ind,3,,,,,
time.n.08,now,,TPR,it/p06/d3500,,,,,,,,,,,,,,,,,,,
time.n.08,now,,EQU,it/p06/d3156,,,,,,,,,,,,,,,,,,,
grande.a.01,time.n.08,,Time,it/p06/d3156,Sing,grande,ADJ,A,,,,,,,,,,,,,,,
female.n.02,Tom,,Name,it/p06/d2548,,Tom,PROPN,SP,,,,,,,,,,,,,,,
sparare.v.01,female.n.02,nsubj,Agent,it/p06/d2548,Sing,sparare,VERB,V,Fin,,,Tom,PROPN,SP,,Past,Ind,3,,,,,
sorrire.v.01,time.n.08,,Time,it/p06/d3125,Sing,sorrire,VERB,V,Fin,,,,,,,Past,Ind,3,,,,,
time.n.08,now,,TPR,it/p06/d3125,,,,,,,,,,,,,,,,,,,
female.n.02,Tom,,Name,it/p06/d1548,,Tom,PROPN,SP,,,,,,,,,,,,,,,
disidratare.v.01,time.n.08,,Time,it/p06/d1548,Sing,disidratare,VERB,V,Part,,,,,,Masc,Past,,,,,,,
person.n.01,speaker,,EQU,it/p06/d1844,Sing,io,PRON,PE,,,,,,,,,,1,Prs,,,,
pagare.v.01,person.n.01,nsubj,Agent,it/p06/d1844,Sing,pagare,VERB,V,Part,,Sing,io,PRON,PE,Masc,Past,,,,Prs,1,,
pagare.v.01,time.n.08,,Time,it/p06/d1844,Sing,pagare,VERB,V,Part,,,,,,Masc,Past,,,,,,,
pagare.v.01,multa.n.01,obj,Theme,it/p06/d1844,Sing,pagare,VERB,V,Part,Fem,Sing,multa,NOUN,S,Masc,Past,,,,,,,
time.n.08,now,,TPR,it/p06/d1844,,,,,,,,,,,,,,,,,,,
durare.v.01,pioggia.n.01,nsubj,Theme,it/p06/d0910,Sing,durare,VERB,V,Fin,Fem,Sing,pioggia,NOUN,S,,Past,Ind,3,,,,,
dipingere.v.01,time.n.08,,Time,it/p15/d1766,Sing,dipingere,VERB,V,Fin,,,,,,,Past,Ind,3,,,,,
time.n.08,now,,TPR,it/p15/d1766,,,,,,,,,,,,,,,,,,,
chiudere.v.01,time.n.08,,Time,it/p15/d0956,Sing,chiudere,VERB,V,Part,,,,,,Fem,Past,,,,,,,
female.n.02,Lin,,Name,it/p15/d0765,,Lin,PROPN,SP,,,,,,,,,,,,,,,
scrivere.v.01,female.n.02,nsubj,Agent,it/p15/d0765,Sing,scrivere,VERB,V,Fin,,,Lin,PROPN,SP,,Past,Ind,3,,,,,
scrivere.v.01,female.n.02,obj,Time,it/p15/d0765,Sing,scrivere,VERB,V,Fin,,,Libretto,PROPN,SP,,Past,Ind,3,,,,,
female.n.02,Jack,,Name,it/p15/d3066,,Jack,PROPN,SP,,,,,,,,,,,,,,,
ridere.v.01,tutto.n.01,nsubj,Agent,it/p15/d2380,Plur,ridere,VERB,V,Fin,Masc,Plur,tutto,PRON,PI,,Pres,Ind,3,,Ind,,,
ridere.v.01,time.n.08,,Time,it/p15/d2380,Plur,ridere,VERB,V,Fin,,,,,,,Pres,Ind,3,,,,,
time.n.08,now,,EQU,it/p15/d2380,,,,,,,,,,,,,,,,,,,
female.n.02,Tom,,Name,it/p15/d2086,,Tom,PROPN,SP,,,,,,,,,,,,,,,
segnare.v.01,female.n.02,nsubj,Agent,it/p15/d2086,Sing,segnare,VERB,V,Part,,,Tom,PROPN,SP,Masc,Past,,,,,,,
segnare.v.01,time.n.08,,Time,it/p15/d2086,Sing,segnare,VERB,V,Part,,,,,,Masc,Past,,,,,,,
segnare.v.01,goal.n.04,obj,Theme,it/p15/d2086,Sing,segnare,VERB,V,Part,Masc,,goal,NOUN,S,Masc,Past,,,,,,,
time.n.08,now,,TPR,it/p15/d2086,,,,,,,,,,,,,,,,,,,
female.n.02,time.n.08,,Time,it/p15/d3382,,Tom,PROPN,SP,,,,,,,,,,,,,,,
time.n.08,now,,EQU,it/p15/d3221,,,,,,,,,,,,,,,,,,,
time.n.08,now,,EQU,it/p15/d0816,,,,,,,,,,,,,,,,,,,
famoso.a.01,sorella.n.01,nsubj,AttributeOf,it/p15/d0816,Sing,famoso,ADJ,A,,Fem,Sing,sorella,NOUN,S,Fem,,,,,,,,
famoso.a.01,time.n.08,,Time,it/p15/d0816,Sing,famoso,ADJ,A,,,,,,,Fem,,,,,,,,
profondo.a.01,stagno.n.01,nsubj,AttributeOf,it/p15/d2456,Sing,profondo,ADJ,A,,Masc,Sing,stagno,NOUN,S,Masc,,,,,,,,
congelare.v.01,time.n.08,,Time,it/p15/d2508,Sing,congelare,VERB,V,Part,,,,,,Fem,Past,,,,,,,
time.n.08,now,,EQU,it/p29/d2716,,,,,,,,,,,,,,,,,,,
solitario.a.01,ragazzo.n.01,nsubj,AttributeOf,it/p29/d2716,Sing,solitario,ADJ,A,,Fem,Sing,ragazzo,NOUN,S,Fem,,,,,,,,
solitario.a.01,time.n.08,,Time,it/p29/d2716,Sing,solitario,ADJ,A,,,,,,,Fem,,,,,,,,
sbocciare.v.01,time.n.08,,Time,it/p29/d2515,Sing,sbocciare,VERB,V,Part,,,,,,Fem,Past,,,,,,,
time.n.08,now,,TPR,it/p29/d2515,,,,,,,,,,,,,,,,,,,
chi.n.01,time.n.08,,Time,it/p29/d1394,,chi,PRON,PQ,,,,,,,,,,,Int,,,,
time.n.08,now,,EQU,it/p29/d1394,,,,,,,,,,,,,,,,,,,
female.n.02,Antonia,,Name,it/p29/d1394,,Antonia,PROPN,SP,,,,,,,,,,,,,,,
female.n.02,Millie,,Name,it/p29/d1763,,Millie,PROPN,SP,,,,,,,,,,,,,,,
amare.v.01,time.n.08,,Time,it/p29/d1763,Sing,amare,VERB,V,Fin,,,,,,,Pres,Ind,3,,,,,
time.n.08,now,,EQU,it/p29/d1763,,,,,,,,,,,,,,,,,,,
ululare.v.01,time.n.08,,Time,it/p29/d3377,Sing,ululare,VERB,V,Fin,,,,,,,Pres,Ind,3,,,,,
time.n.08,now,,EQU,it/p29/d3377,,,,,,,,,,,,,,,,,,,
female.n.02,Mary,,Name,it/p29/d2938,,Mary,PROPN,SP,,,,,,,,,,,,,,,
fumare.v.01,female.n.02,nsubj,Agent,it/p29/d2938,Sing,fumare,VERB,V,Part,,,Mary,PROPN,SP,Masc,Past,,,,,,,
fumare.v.01,time.n.08,,Time,it/p29/d2938,Sing,fumare,VERB,V,Part,,,,,,Masc,Past,,,,,,,
time.n.08,now,,TPR,it/p29/d2938,,,,,,,,,,,,,,,,,,,
avere.v.01,abitante.n.01,obj,Theme,it/p29/d1389,Sing,avere,VERB,V,Fin,,Plur,abitante,NOUN,S,,Pres,Ind,3,,,,,
piacere.v.01,time.n.08,,Time,it/p29/d2967,Plur,piacere,VERB,V,Fin,,,,,,,Pres,Ind,3,,,,,
time.n.08,now,,EQU,it/p29/d2967,,,,,,,,,,,,,,,,,,,
gentile.a.01,time.n.08,,Time,it/p76/d2264,Sing,gentile,ADJ,A,,,,,,,,,,,,,,,
person.n.01,speaker,,EQU,it/p76/d2329,Sing,io,PRON,PE,,,,,,,,,,1,Prs,,,,
tenere.v.01,person.n.01,nsubj,Agent,it/p76/d2329,Sing,tenere,VERB,V,Fin,,Sing,io,PRON,PE,,Pres,Ind,1,,Prs,1,,
tenere.v.01,time.n.08,,Time,it/p76/d2329,Sing,tenere,VERB,V,Fin,,,,,,,Pres,Ind,1,,,,,
tenere.v.01,diario.n.01,obj,Theme,it/p76/d2329,Sing,tenere,VERB,V,Fin,Masc,Sing,diario,NOUN,S,,Pres,Ind,1,,,,,
time.n.08,now,,EQU,it/p76/d2329,,,,,,,,,,,,,,,,,,,
inseguire.v.01,time.n.08,,Time,it/p76/d2001,Sing,inseguire,VERB,V,Fin,,,,,,,Imp,Ind,3,,,,,
inseguire.v.01,cane.n.01,nsubj,Theme,it/p76/d2001,Sing,inseguire,VERB,V,Fin,Masc,Sing,cane,NOUN,S,,Imp,Ind,3,,,,,
time.n.08,now,,TPR,it/p76/d2001,,,,,,,,,,,,,,,,,,,
female.n.02,Edison,,Name,it/p76/d0802,,Edison,PROPN,SP,,,,,,,,,,,,,,,
inventare.v.01,female.n.02,nsubj,Agent,it/p76/d0802,Sing,inventare,VERB,V,Part,,,Edison,PROPN,SP,Masc,Past,,,,,,,
inventare.v.01,time.n.08,,Time,it/p76/d0802,Sing,inventare,VERB,V,Part,,,,,,Masc,Past,,,,,,,
time.n.08,now,,TPR,it/p76/d0802,,,,,,,,,,,,,,,,,,,
approvare.v.01,female.n.02,nsubj,Agent,it/p76/d0848,Sing,approvare,VERB,V,Fin,Fem,Sing,lei,PRON,PE,,Past,Ind,3,,Prs,3,,
time.n.08,now,,EQU,it/p56/d3412,,,,,,,,,,,,,,,,,,,
vago.a.01,time.n.08,,Time,it/p56/d3412,Sing,vago,ADJ,A,,,,,,,Masc,,,,,,,,
person.n.01,speaker,,EQU,it/p56/d0912,Sing,io,PRON,PE,,,,,,,,,,1,Prs,,,,
capire.v.01,time.n.08,,Time,it/p56/d0912,Sing,capire,VERB,V,Fin,,,,,,,Pres,Ind,1,,,,,
time.n.08,now,,EQU,it/p56/d0912,,,,,,,,,,,,,,,,,,,
divertire.v.01,time.n.08,,Time,it/p56/d3328,Plur,divertire,VERB,V,Part,,,,,,Masc,Past,,,,,,,
time.n.08,now,,EQU,it/p56/d3093,,,,,,,,,,,,,,,,,,,
strano.a.01,time.n.08,,Time,it/p56/d3093,Sing,strano,ADJ,A,,,,,,,Fem,,,,,,,,
time.n.08,now,,EQU,it/p56/d1641,,,,,,,,,,,,,,,,,,,
rosso.a.01,time.n.08,,Time,it/p56/d1641,Sing,rosso,ADJ,A,,,,,,,Fem,,,,,,,,
time.n.08,now,,EQU,it/p56/d2288,,,,,,,,,,,,,,,,,,,
soffiando.v.01,est.n.01,obl,Theme,it/p56/d2288,,soffiando,VERB,V,Ger,Masc,Sing,est,NOUN,S,,,,,,,,,
soffiando.v.01,time.n.08,,Time,it/p56/d2288,,soffiando,VERB,V,Ger,,,,,,,,,,,,,,
cognato.n.01,time.n.08,,Time,it/p56/d1947,Sing,cognato,NOUN,S,,,,,,,Masc,,,,,,,,
time.n.08,now,,EQU,it/p56/d1947,,,,,,,,,,,,,,,,,,,
allenare.v.01,time.n.08,,Time,it/p56/d1660,Sing,allenare,VERB,V,Fin,,,,,,,Pres,Ind,3,,,,,
time.n.08,now,,EQU,it/p56/d1660,,,,,,,,,,,,,,,,,,,
