from_node_token,from_node_Gender,from_node_Number,from_node_lemma,from_node_upos,from_node_xpos,to_node_token,deprel,label,doc_id,from_node_VerbForm,to_node_Gender,to_node_Number,to_node_lemma,to_node_upos,to_node_xpos,from_node_Degree,from_node_Tense,to_node_Case,to_node_Person,to_node_PronType,from_node_Case,from_node_Person,from_node_PronType,to_node_Degree,to_node_Poss,to_node_Tense,to_node_VerbForm,from_node_Poss
female.n.02,Com,Sing,Mary,PROPN,N|eigen|ev|basis|zijd|stan,Mary,,Name,nl/p96/d2299,,,,,,,,,,,,,,,,,,,
molken.v.01,,,molken,VERB,WW|vd|vrij|zonder,female.n.02,nsubj,Agent,nl/p96/d2299,Part,Com,Sing,Mary,PROPN,N|eigen|ev|basis|zijd|stan,,,,,,,,,,,,,
molken.v.01,,,molken,VERB,WW|vd|vrij|zonder,time.n.08,,Time,nl/p96/d2299,Part,,,,,,,,,,,,,,,,,,
time.n.08,,,,,,now,,EQU,nl/p96/d1684,,,,,,,,,,,,,,,,,,,
gelukkig.a.01,,,gelukkig,ADJ,ADJ|vrij|basis|zonder,time.n.08,,Time,nl/p96/d1684,,,,,,,Pos,,,,,,,,,,,,
terug_slaan.v.01,,Sing,terug_slaan,VERB,WW|pv|verl|ev,person.n.01,nsubj,Agent,nl/p96/d0858,Fin,,,zij,PRON,VNW|pers|pron|nomin|vol|3v|ev|fem,,Past,Nom,3,Prs,,,,,,,,
terug_slaan.v.01,,Sing,terug_slaan,VERB,WW|pv|verl|ev,time.n.08,,Time,nl/p96/d0858,Fin,,,,,,,Past,,,,,,,,,,,
time.n.08,,,,,,now,,TPR,nl/p96/d0858,,,,,,,,,,,,,,,,,,,
female.n.02,Com,Sing,Tom,PROPN,N|eigen|ev|basis|zijd|stan,Tom,,Name,nl/p96/d2865,,,,,,,,,,,,,,,,,,,
spelen.v.01,,Sing,spelen,VERB,WW|pv|tgw|met-t,female.n.02,nsubj,Agent,nl/p96/d2865,Fin,Com,Sing,Tom,PROPN,N|eigen|ev|basis|zijd|stan,,Pres,,,,,,,,,,,
spelen.v.01,,Sing,spelen,VERB,WW|pv|tgw|met-t,time.n.08,,Time,nl/p96/d2865,Fin,,,,,,,Pres,,,,,,,,,,,
spelen.v.01,,Sing,spelen,VERB,WW|pv|tgw|met-t,hockey.n.01,obj,Theme,nl/p96/d2865,Fin,Com,Sing,hockey,NOUN,N|soort|ev|basis|zijd|stan,,Pres,,,,,,,,,,,
time.n.08,,,,,,now,,EQU,nl/p96/d2865,,,,,,,,,,,,,,,,,,,
toe_voegen.v.01,,Sing,toe_voegen,VERB,WW|pv|verl|ev,person.n.01,nsubj,Agent,nl/p96/d3462,Fin,,,ze,PRON,VNW|pers|pron|stan|red|3|ev|fem,,Past,,3,Prs,,,,,,,,
toe_voegen.v.01,,Sing,toe_voegen,VERB,WW|pv|verl|ev,time.n.08,,Time,nl/p96/d3462,Fin,,,,,,,Past,,,,,,,,,,,
toe_voegen.v.01,,Sing,toe_voegen,VERB,WW|pv|verl|ev,melk.n.01,obj,Theme,nl/p96/d3462,Fin,Com,Sing,melk,NOUN,N|soort|ev|basis|zijd|stan,,Past,,,,,,,,,,,
time.n.08,,,,,,now,,TPR,nl/p96/d3462,,,,,,,,,,,,,,,,,,,
duren.v.01,,Sing,duren,VERB,WW|pv|verl|ev,vergadering.n.01,nsubj,Theme,nl/p96/d0909,Fin,Com,Sing,vergadering,NOUN,N|soort|ev|basis|zijd|stan,,Past,,,,,,,,,,,
time.n.08,,,,,,now,,EQU,nl/p96/d2975,,,,,,,,,,,,,,,,,,,
baseren.v.01,,,baseren,VERB,WW|vd|vrij|zonder,film.n.01,nsubj:pass,Theme,nl/p96/d2975,Part,Com,Sing,film,NOUN,N|soort|ev|basis|zijd|stan,,,,,,,,,,,,,
baseren.v.01,,,baseren,VERB,WW|vd|vrij|zonder,time.n.08,,Time,nl/p96/d2975,Part,,,,,,,,,,,,,,,,,,
steken.v.01,,Sing,steken,VERB,WW|pv|verl|ev,person.n.01,nsubj,Agent,nl/p96/d3097,Fin,,,hij,PRON,VNW|pers|pron|nomin|vol|3|ev|masc,,Past,Nom,3,Prs,,,,,,,,
steken.v.01,,Sing,steken,VERB,WW|pv|verl|ev,time.n.08,,Time,nl/p96/d3097,Fin,,,,,,,Past,,,,,,,,,,,
steken.v.01,,Sing,steken,VERB,WW|pv|verl|ev,sleutel.n.01,obj,Theme,nl/p96/d3097,Fin,Com,Sing,sleutel,NOUN,N|soort|ev|basis|zijd|stan,,Past,,,,,,,,,,,
time.n.08,,,,,,now,,TPR,nl/p96/d3097,,,,,,,,,,,,,,,,,,,
begrijpen.v.01,,Sing,begrijpen,VERB,WW|pv|verl|ev,person.n.01,obj,Time,nl/p96/d0945,Fin,,,mij,PRON,VNW|pr|pron|obl|vol|1|ev,,Past,Acc,1,Prs,,,,,,,,
female.n.02,Com,Sing,Tom,PROPN,N|eigen|ev|basis|zijd|stan,Tom,,Name,nl/p96/d3505,,,,,,,,,,,,,,,,,,,
kreunen.v.01,,Sing,kreunen,VERB,WW|pv|verl|ev,female.n.02,nsubj,Agent,nl/p96/d3505,Fin,Com,Sing,Tom,PROPN,N|eigen|ev|basis|zijd|stan,,Past,,,,,,,,,,,
kreunen.v.01,,Sing,kreunen,VERB,WW|pv|verl|ev,time.n.08,,Time,nl/p96/d3505,Fin,,,,,,,Past,,,,,,,,,,,
kreunen.v.01,,Sing,kreunen,VERB,WW|pv|verl|ev,pijn.n.01,obl,Theme,nl/p96/d3505,Fin,Com,Sing,pijn,NOUN,N|soort|ev|basis|zijd|stan,,Past,,,,,,,,,,,
time.n.08,,,,,,now,,TPR,nl/p96/d3505,,,,,,,,,,,,,,,,,,,
graven.v.01,,Sing,graven,VERB,WW|pv|verl|ev,person.n.01,nsubj,Agent,nl/p96/d0839,Fin,,,hij,PRON,VNW|pers|pron|nomin|vol|3|ev|masc,,Past,Nom,3,Prs,,,,,,,,
graven.v.01,,Sing,graven,VERB,WW|pv|verl|ev,time.n.08,,Time,nl/p96/d0839,Fin,,,,,,,Past,,,,,,,,,,,
time.n.08,,,,,,now,,TPR,nl/p96/d0839,,,,,,,,,,,,,,,,,,,
time.n.08,,,,,,now,,EQU,nl/p79/d1593,,,,,,,,,,,,,,,,,,,
helder.a.01,,,helder,ADJ,ADJ|vrij|basis|zonder,maan.n.01,nsubj,AttributeOf,nl/p79/d1593,,Com,Sing,maan,NOUN,N|soort|ev|basis|zijd|stan,Pos,,,,,,,,,,,,
helder.a.01,,,helder,ADJ,ADJ|vrij|basis|zonder,time.n.08,,Time,nl/p79/d1593,,,,,,,Pos,,,,,,,,,,,,
person.n.01,,,we,PRON,VNW|pers|pron|nomin|red|1|mv,speaker,,EQU,nl/p79/d0912,,,,,,,,,,,,Nom,1,Prs,,,,,
hebben.v.01,,Plur,hebben,VERB,WW|pv|tgw|mv,time.n.08,,Time,nl/p79/d0912,Fin,,,,,,,Pres,,,,,,,,,,,
hebben.v.01,,Plur,hebben,VERB,WW|pv|tgw|mv,kind.n.01,obj,Theme,nl/p79/d0912,Fin,,Plur,kind,NOUN,N|soort|mv|basis,,Pres,,,,,,,,,,,
time.n.08,,,,,,now,,EQU,nl/p79/d0912,,,,,,,,,,,,,,,,,,,
female.n.02,,,Gianni,PROPN,SPEC|deeleigen,Gianni,,Name,nl/p79/d0763,,,,,,,,,,,,,,,,,,,
ontwerper.n.01,Com,Sing,ontwerper,NOUN,N|soort|ev|basis|zijd|stan,female.n.02,nsubj,Theme,nl/p79/d0763,,,,Gianni,PROPN,SPEC|deeleigen,,,,,,,,,,,,,
begrijpen.v.01,,Sing,begrijpen,VERB,WW|pv|tgw|met-t,person.n.01,obj,Time,nl/p79/d0767,Fin,,,me,PRON,VNW|pr|pron|obl|red|1|ev,,Pres,Acc,1,Prs,,,,,,,,
person.n.01,,,me,PRON,VNW|pr|pron|obl|red|1|ev,speaker,,EQU,nl/p79/d0767,,,,,,,,,,,,Acc,1,Prs,,,,,
time.n.08,,,,,,now,,EQU,nl/p79/d0767,,,,,,,,,,,,,,,,,,,
person.n.01,,,me,PRON,VNW|pr|pron|obl|red|1|ev,speaker,,EQU,nl/p79/d0901,,,,,,,,,,,,Acc,1,Prs,,,,,
dumpen.v.01,,,dumpen,VERB,WW|vd|vrij|zonder,person.n.01,nsubj,Agent,nl/p79/d0901,Part,,,ze,PRON,VNW|pers|pron|stan|red|3|ev|fem,,,,3,Prs,,,,,,,,
dumpen.v.01,,,dumpen,VERB,WW|vd|vrij|zonder,time.n.08,,Time,nl/p79/d0901,Part,,,,,,,,,,,,,,,,,,
female.n.02,,,Brad,PROPN,SPEC|deeleigen,Brad,,Name,nl/p79/d0885,,,,,,,,,,,,,,,,,,,
acteur.n.01,Com,Sing,acteur,NOUN,N|soort|ev|basis|zijd|stan,female.n.02,nsubj,Theme,nl/p79/d0885,,,,Brad,PROPN,SPEC|deeleigen,,,,,,,,,,,,,
person.n.01,,,je,PRON,VNW|pers|pron|nomin|red|2v|ev,hearer,,EQU,nl/p79/d0914,,,,,,,,,,,,Nom,2,Prs,,,,,
verpessen.v.01,,,verpessen,VERB,WW|vd|vrij|zonder,person.n.01,nsubj,Agent,nl/p79/d0914,Part,,,je,PRON,VNW|pers|pron|nomin|red|2v|ev,,,Nom,2,Prs,,,,,,,,
verpessen.v.01,,,verpessen,VERB,WW|vd|vrij|zonder,time.n.08,,Time,nl/p79/d0914,Part,,,,,,,,,,,,,,,,,,
person.n.01,,,wat,PRON,VNW|vb|pron|stan|vol|3o|ev,berg.n.01,nsubj,Co-Theme,nl/p98/d1391,,Com,Sing,berg,NOUN,N|soort|ev|basis|zijd|stan,,,,,,,3,Int,,,,,
time.n.08,,,,,,now,,EQU,nl/p98/d0929,,,,,,,,,,,,,,,,,,,
boos.a.01,,,boos,ADJ,ADJ|vrij|basis|zonder,time.n.08,,Time,nl/p98/d0929,,,,,,,Pos,,,,,,,,,,,,
female.n.02,Com,Sing,Luna,PROPN,N|eigen|ev|basis|zijd|stan,Luna,,Name,nl/p98/d3531,,,,,,,,,,,,,,,,,,,
persoon.n.01,Com,Sing,persoon,NOUN,N|soort|ev|basis|zijd|stan,female.n.02,nsubj,Theme,nl/p98/d3531,,Com,Sing,Luna,PROPN,N|eigen|ev|basis|zijd|stan,,,,,,,,,,,,,
persoon.n.01,Com,Sing,persoon,NOUN,N|soort|ev|basis|zijd|stan,time.n.08,,Time,nl/p98/d3531,,,,,,,,,,,,,,,,,,,
time.n.08,,,,,,now,,EQU,nl/p98/d3531,,,,,,,,,,,,,,,,,,,
zijn.v.01,,Plur,zijn,VERB,WW|pv|tgw|mv,time.n.08,,Time,nl/p98/d0894,Fin,,,,,,,Pres,,,,,,,,,,,
zijn.v.01,,Plur,zijn,VERB,WW|pv|tgw|mv,parkeer_meter.n.01,nsubj,Theme,nl/p98/d0894,Fin,,Plur,parkeer_meter,NOUN,N|soort|mv|basis,,Pres,,,,,,,,,,,
time.n.08,,,,,,now,,EQU,nl/p98/d0894,,,,,,,,,,,,,,,,,,,
female.n.02,Com,Sing,Kate,PROPN,N|eigen|ev|basis|zijd|stan,Kate,,Name,nl/p98/d0800,,,,,,,,,,,,,,,,,,,
bakken.v.01,,,bakken,VERB,WW|vd|vrij|zonder,female.n.02,nsubj,Agent,nl/p98/d0800,Part,Com,Sing,Kate,PROPN,N|eigen|ev|basis|zijd|stan,,,,,,,,,,,,,
bakken.v.01,,,bakken,VERB,WW|vd|vrij|zonder,time.n.08,,Time,nl/p98/d0800,Part,,,,,,,,,,,,,,,,,,
female.n.02,Com,Sing,Tom,PROPN,N|eigen|ev|basis|zijd|stan,Tom,,Name,nl/p98/d0936,,,,,,,,,,,,,,,,,,,
schrijven.v.01,,Sing,schrijven,VERB,WW|pv|verl|ev,female.n.02,nsubj,Agent,nl/p98/d0936,Fin,Com,Sing,Tom,PROPN,N|eigen|ev|basis|zijd|stan,,Past,,,,,,,,,,,
schrijven.v.01,,Sing,schrijven,VERB,WW|pv|verl|ev,time.n.08,,Time,nl/p98/d0936,Fin,,,,,,,Past,,,,,,,,,,,
schrijven.v.01,,Sing,schrijven,VERB,WW|pv|verl|ev,naam.n.01,obj,Theme,nl/p98/d0936,Fin,Com,Sing,naam,NOUN,N|soort|ev|basis|zijd|stan,,Past,,,,,,,,,,,
time.n.08,,,,,,now,,TPR,nl/p98/d0936,,,,,,,,,,,,,,,,,,,
female.n.02,Com,Sing,John,PROPN,N|eigen|ev|basis|zijd|stan,John,,Name,nl/p98/d0794,,,,,,,,,,,,,,,,,,,
erven.v.01,,Sing,erven,VERB,WW|pv|verl|ev,female.n.02,nsubj,Agent,nl/p98/d0794,Fin,Com,Sing,John,PROPN,N|eigen|ev|basis|zijd|stan,,Past,,,,,,,,,,,
erven.v.01,,Sing,erven,VERB,WW|pv|verl|ev,time.n.08,,Time,nl/p98/d0794,Fin,,,,,,,Past,,,,,,,,,,,
erven.v.01,,Sing,erven,VERB,WW|pv|verl|ev,fortuin.n.01,obj,Theme,nl/p98/d0794,Fin,Neut,Sing,fortuin,NOUN,N|soort|ev|basis|onz|stan,,Past,,,,,,,,,,,
time.n.08,,,,,,now,,TPR,nl/p98/d0794,,,,,,,,,,,,,,,,,,,
fortuin.n.01,Neut,Sing,fortuin,NOUN,N|soort|ev|basis|onz|stan,groot.a.01,amod,Attribute,nl/p98/d0794,,,,groot,ADJ,ADJ|prenom|basis|zonder,,,,,,,,,Pos,,,,
vriend.n.01,Com,Sing,vriend,NOUN,N|soort|ev|basis|zijd|stan,person.n.01,nmod:poss,Role,nl/p98/d1773,,,,mijn,PRON,VNW|bez|det|stan|vol|1|ev|prenom|zonder|agr,,,,1,Prs,,,,,Yes,,,
houden.v.01,,Sing,houden,VERB,WW|pv|tgw|met-t,time.n.08,,Time,nl/p98/d1773,Fin,,,,,,,Pres,,,,,,,,,,,
time.n.08,,,,,,now,,EQU,nl/p98/d1773,,,,,,,,,,,,,,,,,,,
person.n.01,,,ik,PRON,VNW|pers|pron|nomin|vol|1|ev,speaker,,EQU,nl/p98/d2396,,,,,,,,,,,,Nom,1,Prs,,,,,
kapot_maken.v.01,,,kapot_maken,VERB,WW|vd|vrij|zonder,person.n.01,nsubj,Agent,nl/p98/d2396,Part,,,ik,PRON,VNW|pers|pron|nomin|vol|1|ev,,,Nom,1,Prs,,,,,,,,
kapot_maken.v.01,,,kapot_maken,VERB,WW|vd|vrij|zonder,time.n.08,,Time,nl/p98/d2396,Part,,,,,,,,,,,,,,,,,,
female.n.02,Com,Sing,Tom,PROPN,N|eigen|ev|basis|zijd|stan,Tom,,Name,nl/p38/d0900,,,,,,,,,,,,,,,,,,,
houden_bij.v.01,,Sing,houden,VERB,WW|pv|tgw|met-t,female.n.02,nsubj,Agent,nl/p38/d0900,Fin,Com,Sing,Tom,PROPN,N|eigen|ev|basis|zijd|stan,,Pres,,,,,,,,,,,
houden_bij.v.01,,Sing,houden,VERB,WW|pv|tgw|met-t,time.n.08,,Time,nl/p38/d0900,Fin,,,,,,,Pres,,,,,,,,,,,
houden_bij.v.01,,Sing,houden,VERB,WW|pv|tgw|met-t,dag_boek.n.01,obj,Theme,nl/p38/d0900,Fin,Neut,Sing,dag_boek,NOUN,N|soort|ev|basis|onz|stan,,Pres,,,,,,,,,,,
time.n.08,,,,,,now,,EQU,nl/p38/d0900,,,,,,,,,,,,,,,,,,,
time.n.08,,,,,,now,,EQU,nl/p38/d0932,,,,,,,,,,,,,,,,,,,
slecht.a.01,,,slecht,ADJ,ADJ|vrij|basis|zonder,person.n.01,nsubj,AttributeOf,nl/p38/d0932,,,,ze,PRON,VNW|pers|pron|stan|red|3|ev|fem,Pos,,,3,Prs,,,,,,,,
slecht.a.01,,,slecht,ADJ,ADJ|vrij|basis|zonder,time.n.08,,Time,nl/p38/d0932,,,,,,,Pos,,,,,,,,,,,,
time.n.08,,,,,,now,,EQU,nl/p38/d0958,,,,,,,,,,,,,,,,,,,
afval_water.n.01,Neut,Sing,afval_water,NOUN,N|soort|ev|basis|onz|stan,mijn.n.01,nmod,EQU,nl/p38/d0766,,,Plur,mijn,NOUN,N|soort|mv|basis,,,,,,,,,,,,,
stinken.v.01,,Plur,stinken,VERB,WW|pv|tgw|mv,sok.n.01,nsubj,Theme,nl/p38/d0919,Fin,,Plur,sok,NOUN,N|soort|mv|basis,,Pres,,,,,,,,,,,
stinken.v.01,,Plur,stinken,VERB,WW|pv|tgw|mv,time.n.08,,Time,nl/p38/d0919,Fin,,,,,,,Pres,,,,,,,,,,,
time.n.08,,,,,,now,,EQU,nl/p38/d0919,,,,,,,,,,,,,,,,,,,
laden.v.01,,,laden,VERB,WW|vd|vrij|zonder,kist.n.01,nsubj:pass,Theme,nl/p16/d0927,Part,Com,Sing,kist,NOUN,N|soort|ev|basis|zijd|stan,,,,,,,,,,,,,
laden.v.01,,,laden,VERB,WW|vd|vrij|zonder,time.n.08,,Time,nl/p16/d0927,Part,,,,,,,,,,,,,,,,,,
staan.v.01,,Sing,staan,VERB,WW|pv|verl|ev,huis.n.01,nsubj,Theme,nl/p16/d1615,Fin,Neut,Sing,huis,NOUN,N|soort|ev|basis|onz|stan,,Past,,,,,,,,,,,
staan.v.01,,Sing,staan,VERB,WW|pv|verl|ev,time.n.08,,Time,nl/p16/d1615,Fin,,,,,,,Past,,,,,,,,,,,
time.n.08,,,,,,now,,TPR,nl/p16/d1615,,,,,,,,,,,,,,,,,,,
person.n.01,,,ik,PRON,VNW|pers|pron|nomin|vol|1|ev,speaker,,EQU,nl/p16/d0821,,,,,,,,,,,,Nom,1,Prs,,,,,
time.n.08,,,,,,now,,EQU,nl/p16/d0821,,,,,,,,,,,,,,,,,,,
dol.a.01,,,dol,ADJ,ADJ|vrij|basis|zonder,time.n.08,,Time,nl/p16/d0821,,,,,,,Pos,,,,,,,,,,,,
dol.a.01,,,dol,ADJ,ADJ|vrij|basis|zonder,auto.n.01,obl,Stimulus,nl/p16/d0821,,,Plur,auto,NOUN,N|soort|mv|basis,Pos,,,,,,,,,,,,
kloppen.v.01,,Sing,kloppen,VERB,WW|pv|tgw|met-t,person.n.01,nsubj,Agent,nl/p16/d0902,Fin,,,iemand,PRON,VNW|onbep|pron|stan|vol|3p|ev,,Pres,,3,Ind,,,,,,,,
kloppen.v.01,,Sing,kloppen,VERB,WW|pv|tgw|met-t,time.n.08,,Time,nl/p16/d0902,Fin,,,,,,,Pres,,,,,,,,,,,
time.n.08,,,,,,now,,EQU,nl/p16/d0902,,,,,,,,,,,,,,,,,,,
zijn_onder.v.01,,Sing,zijn,VERB,WW|pv|tgw|ev,theepot.n.01,nsubj,Theme,nl/p16/d2891,Fin,Com,Sing,theepot,NOUN,N|soort|ev|basis|zijd|stan,,Pres,,,,,,,,,,,
trouwen.v.01,,Sing,trouwen,VERB,WW|pv|verl|ev,person.n.01,nsubj,Agent,nl/p16/d0837,Fin,,,hij,PRON,VNW|pers|pron|nomin|vol|3|ev|masc,,Past,Nom,3,Prs,,,,,,,,
person.n.01,,,ik,PRON,VNW|pers|pron|nomin|vol|1|ev,speaker,,EQU,nl/p16/d0818,,,,,,,,,,,,Nom,1,Prs,,,,,
kopen.v.01,,,kopen,VERB,WW|vd|vrij|zonder,person.n.01,nsubj,Agent,nl/p16/d0818,Part,,,ik,PRON,VNW|pers|pron|nomin|vol|1|ev,,,Nom,1,Prs,,,,,,,,
kopen.v.01,,,kopen,VERB,WW|vd|vrij|zonder,time.n.08,,Time,nl/p16/d0818,Part,,,,,,,,,,,,,,,,,,
bezoeken.v.01,,Sing,bezoeken,VERB,WW|pv|tgw|met-t,female.n.02,obj,Time,nl/p16/d0762,Fin,Com,Sing,VN.,PROPN,N|eigen|ev|basis|zijd|stan,,Pres,,,,,,,,,,,
female.n.02,Com,Sing,Castro,PROPN,N|eigen|ev|basis|zijd|stan,Castro,,Name,nl/p16/d0762,,,,,,,,,,,,,,,,,,,
female.n.02,Com,Sing,Cristiani,PROPN,N|eigen|ev|basis|zijd|stan,Cristiani,,Name,nl/p16/d0760,,,,,,,,,,,,,,,,,,,
vermoorden.v.01,,Sing,vermoorden,VERB,WW|pv|verl|ev,female.n.02,nsubj,Agent,nl/p16/d0760,Fin,Com,Sing,Cristiani,PROPN,N|eigen|ev|basis|zijd|stan,,Past,,,,,,,,,,,
houden.v.01,,Sing,houden,VERB,WW|pv|tgw|met-t,time.n.08,,Time,nl/p48/d0846,Fin,,,,,,,Pres,,,,,,,,,,,
time.n.08,,,,,,now,,EQU,nl/p48/d0846,,,,,,,,,,,,,,,,,,,
female.n.02,,,Jorge,PROPN,SPEC|deeleigen,Jorge,,Name,nl/p48/d1391,,,,,,,,,,,,,,,,,,,
geboren.v.01,,,geboren,VERB,WW|vd|vrij|zonder,time.n.08,,Time,nl/p48/d1391,Part,,,,,,,,,,,,,,,,,,
female.n.02,Com,Sing,Melanie,PROPN,N|eigen|ev|basis|zijd|stan,Melanie,,Name,nl/p48/d2069,,,,,,,,,,,,,,,,,,,
houden.v.01,,Sing,houden,VERB,WW|pv|tgw|met-t,time.n.08,,Time,nl/p48/d2069,Fin,,,,,,,Pres,,,,,,,,,,,
time.n.08,,,,,,now,,EQU,nl/p48/d2069,,,,,,,,,,,,,,,,,,,
ondervragen.v.01,,Sing,ondervragen,VERB,WW|pv|verl|ev,person.n.01,nsubj,Agent,nl/p48/d1675,Fin,,,zij,PRON,VNW|pers|pron|nomin|vol|3v|ev|fem,,Past,Nom,3,Prs,,,,,,,,
person.n.01,,,ik,PRON,VNW|pers|pron|nomin|vol|1|ev,speaker,,EQU,nl/p48/d0940,,,,,,,,,,,,Nom,1,Prs,,,,,
time.n.08,,,,,,now,,EQU,nl/p48/d0940,,,,,,,,,,,,,,,,,,,
linkshandig.a.01,,,linkshandig,ADJ,ADJ|vrij|basis|zonder,person.n.01,nsubj,AttributeOf,nl/p48/d0940,,,,ik,PRON,VNW|pers|pron|nomin|vol|1|ev,Pos,,Nom,1,Prs,,,,,,,,
linkshandig.a.01,,,linkshandig,ADJ,ADJ|vrij|basis|zonder,time.n.08,,Time,nl/p48/d0940,,,,,,,Pos,,,,,,,,,,,,
zwijken_over.v.01,,Sing,zwijken,VERB,WW|pv|verl|ev,time.n.08,,Time,nl/p48/d0837,Fin,,,,,,,Past,,,,,,,,,,,
time.n.08,,,,,,now,,TPR,nl/p48/d0837,,,,,,,,,,,,,,,,,,,
miawen.v.01,,Sing,miawen,VERB,WW|pv|verl|ev,time.n.08,,Time,nl/p48/d3410,Fin,,,,,,,Past,,,,,,,,,,,
time.n.08,,,,,,now,,TPR,nl/p48/d3410,,,,,,,,,,,,,,,,,,,
person.n.01,,,ik,PRON,VNW|pers|pron|nomin|vol|1|ev,speaker,,EQU,nl/p48/d0892,,,,,,,,,,,,Nom,1,Prs,,,,,
op_eten.v.01,,,op_eten,VERB,WW|vd|vrij|zonder,person.n.01,nsubj,Agent,nl/p48/d0892,Part,,,ik,PRON,VNW|pers|pron|nomin|vol|1|ev,,,Nom,1,Prs,,,,,,,,
op_eten.v.01,,,op_eten,VERB,WW|vd|vrij|zonder,time.n.08,,Time,nl/p48/d0892,Part,,,,,,,,,,,,,,,,,,
female.n.02,,,Evangeline,PROPN,SPEC|deeleigen,Evangeline,,Name,nl/p48/d0874,,,,,,,,,,,,,,,,,,,
time.n.08,,,,,,now,,EQU,nl/p48/d0874,,,,,,,,,,,,,,,,,,,
female.n.02,Neut,Sing,Canadees,PROPN,N|eigen|ev|basis|zijd|stan,female.n.02,nsubj,Theme,nl/p48/d0874,,,,Evangeline,PROPN,SPEC|deeleigen,,,,,,,,,,,,,
female.n.02,Neut,Sing,Canadees,PROPN,N|eigen|ev|basis|zijd|stan,time.n.08,,Time,nl/p48/d0874,,,,,,,,,,,,,,,,,,,
female.n.02,,,Alfred,PROPN,SPEC|deeleigen,Alfred,,Name,nl/p48/d0764,,,,,,,,,,,,,,,,,,,
uitvinder.n.01,Com,Sing,uitvinder,NOUN,N|soort|ev|basis|zijd|stan,female.n.02,nsubj,Theme,nl/p48/d0764,,,,Alfred,PROPN,SPEC|deeleigen,,,,,,,,,,,,,
person.n.01,,,ik,PRON,VNW|pers|pron|nomin|vol|1|ev,speaker,,EQU,nl/p49/d0895,,,,,,,,,,,,Nom,1,Prs,,,,,
kennen.v.01,,Sing,kennen,VERB,WW|pv|tgw|ev,time.n.08,,Time,nl/p49/d0895,Fin,,,,,,,Pres,,,,,,,,,,,
time.n.08,,,,,,now,,EQU,nl/p49/d0895,,,,,,,,,,,,,,,,,,,
klagen.v.01,,,klagen,VERB,WW|vd|vrij|zonder,person.n.01,nsubj,Agent,nl/p49/d0954,Part,,,hij,PRON,VNW|pers|pron|nomin|vol|3|ev|masc,,,Nom,3,Prs,,,,,,,,
klagen.v.01,,,klagen,VERB,WW|vd|vrij|zonder,time.n.08,,Time,nl/p49/d0954,Part,,,,,,,,,,,,,,,,,,
klagen.v.01,,,klagen,VERB,WW|vd|vrij|zonder,lawaai.n.01,obl,Theme,nl/p49/d0954,Part,Neut,Sing,lawaai,NOUN,N|soort|ev|basis|onz|stan,,,,,,,,,,,,,
time.n.08,,,,,,now,,EQU,nl/p49/d0765,,,,,,,,,,,,,,,,,,,
hoog.a.01,,,hoog,ADJ,ADJ|vrij|basis|zonder,time.n.08,,Time,nl/p49/d0765,,,,,,,Pos,,,,,,,,,,,,
person.n.01,,,ik,PRON,VNW|pers|pron|nomin|vol|1|ev,speaker,,EQU,nl/p49/d0959,,,,,,,,,,,,Nom,1,Prs,,,,,
in_kopen.v.01,,Sing,in_kopen,VERB,WW|pv|tgw|ev,person.n.01,nsubj,Agent,nl/p49/d0959,Fin,,,ik,PRON,VNW|pers|pron|nomin|vol|1|ev,,Pres,Nom,1,Prs,,,,,,,,
in_kopen.v.01,,Sing,in_kopen,VERB,WW|pv|tgw|ev,time.n.08,,Time,nl/p49/d0959,Fin,,,,,,,Pres,,,,,,,,,,,
in_kopen.v.01,,Sing,in_kopen,VERB,WW|pv|tgw|ev,nieuw.a.01,obj,Theme,nl/p49/d0959,Fin,,,nieuw,ADJ,ADJ|nom|basis|met-e|zonder-n|stan,,Pres,,,,,,,Pos,,,,
duren.v.01,,Sing,duren,VERB,WW|pv|verl|ev,oorlog.n.01,nsubj,Theme,nl/p49/d1632,Fin,Com,Sing,oorlog,NOUN,N|soort|ev|basis|zijd|stan,,Past,,,,,,,,,,,
duren.v.01,,Sing,duren,VERB,WW|pv|verl|ev,time.n.08,,Time,nl/p49/d1632,Fin,,,,,,,Past,,,,,,,,,,,
time.n.08,,,,,,now,,TPR,nl/p49/d1632,,,,,,,,,,,,,,,,,,,
person.n.01,,,ik,PRON,VNW|pers|pron|nomin|vol|1|ev,speaker,,EQU,nl/p49/d0775,,,,,,,,,,,,Nom,1,Prs,,,,,
willen.v.01,,Sing,willen,VERB,WW|pv|tgw|ev,person.n.01,obj,Time,nl/p49/d0775,Fin,,,iets,PRON,VNW|onbep|pron|stan|vol|3o|ev,,Pres,,3,Ind,,,,,,,,
female.n.02,Com,Sing,Jim,PROPN,N|eigen|ev|basis|zijd|stan,Jim,,Name,nl/p49/d0795,,,,,,,,,,,,,,,,,,,
begeleiden.v.01,,Sing,begeleiden,VERB,WW|pv|verl|ev,female.n.02,nsubj,Agent,nl/p49/d0795,Fin,Com,Sing,Jim,PROPN,N|eigen|ev|basis|zijd|stan,,Past,,,,,,,,,,,
begeleiden.v.01,,Sing,begeleiden,VERB,WW|pv|verl|ev,time.n.08,,Time,nl/p49/d0795,Fin,,,,,,,Past,,,,,,,,,,,
time.n.08,,,,,,now,,TPR,nl/p49/d0795,,,,,,,,,,,,,,,,,,,
time.n.08,,,,,,now,,EQU,nl/p49/d0766,,,,,,,,,,,,,,,,,,,
winnen.v.01,,,winnen,VERB,WW|vd|vrij|zonder,zijn.v.01,nsubj,Agent,nl/p49/d0766,Part,,Sing,zijn,VERB,WW|pv|tgw|ev,,,,,,,,,,,Pres,Fin,
winnen.v.01,,,winnen,VERB,WW|vd|vrij|zonder,person.n.01,obl,Time,nl/p49/d0766,Part,,,mij,PRON,VNW|pr|pron|obl|vol|1|ev,,,Acc,1,Prs,,,,,,,,
female.n.02,Com,Sing,Mary,PROPN,N|eigen|ev|basis|zijd|stan,Mary,,Name,nl/p28/d2629,,,,,,,,,,,,,,,,,,,
modeontwerpster.n.01,Com,Sing,modeontwerpster,NOUN,N|soort|ev|basis|zijd|stan,female.n.02,nsubj,Theme,nl/p28/d2629,,Com,Sing,Mary,PROPN,N|eigen|ev|basis|zijd|stan,,,,,,,,,,,,,
person.n.01,,,je,PRON,VNW|pers|pron|nomin|red|2v|ev,hearer,,EQU,nl/p28/d2828,,,,,,,,,,,,Nom,2,Prs,,,,,
time.n.08,,,,,,now,,EQU,nl/p28/d2828,,,,,,,,,,,,,,,,,,,
dronken.a.01,,,dronken,ADJ,ADJ|vrij|basis|zonder,time.n.08,,Time,nl/p28/d2828,,,,,,,Pos,,,,,,,,,,,,
verbranden.v.01,,Plur,verbranden,VERB,WW|pv|verl|mv,person.n.01,nsubj,Agent,nl/p28/d3283,Fin,,,ze,PRON,VNW|pers|pron|stan|red|3|mv,,Past,,3,Prs,,,,,,,,
verbranden.v.01,,Plur,verbranden,VERB,WW|pv|verl|mv,time.n.08,,Time,nl/p28/d3283,Fin,,,,,,,Past,,,,,,,,,,,
time.n.08,,,,,,now,,TPR,nl/p28/d3283,,,,,,,,,,,,,,,,,,,
man.n.01,Com,Sing,man,NOUN,N|soort|ev|basis|zijd|stan,oud.a.01,amod,Attribute,nl/p28/d2276,,,,oud,ADJ,ADJ|prenom|basis|met-e|stan,,,,,,,,,Pos,,,,
overrijden.v.01,,,overrijden,VERB,WW|vd|vrij|zonder,time.n.08,,Time,nl/p28/d2276,Part,,,,,,,,,,,,,,,,,,
schenken.v.01,,Plur,schenken,VERB,WW|pv|verl|mv,person.n.01,nsubj,Agent,nl/p28/d0916,Fin,,,ze,PRON,VNW|pers|pron|stan|red|3|mv,,Past,,3,Prs,,,,,,,,
schenken.v.01,,Plur,schenken,VERB,WW|pv|verl|mv,time.n.08,,Time,nl/p28/d0916,Fin,,,,,,,Past,,,,,,,,,,,
schenken.v.01,,Plur,schenken,VERB,WW|pv|verl|mv,geld.n.01,obj,Theme,nl/p28/d0916,Fin,Neut,Sing,geld,NOUN,N|soort|ev|basis|onz|stan,,Past,,,,,,,,,,,
time.n.08,,,,,,now,,TPR,nl/p28/d0916,,,,,,,,,,,,,,,,,,,
female.n.02,,,Rode,PROPN,SPEC|deeleigen,Rode,,Name,nl/p28/d0916,,,,,,,,,,,,,,,,,,,
time.n.08,,,,,,now,,EQU,nl/p28/d0896,,,,,,,,,,,,,,,,,,,
verslaven.v.01,,,verslaven,VERB,WW|vd|vrij|zonder,time.n.08,,Time,nl/p28/d0896,Part,,,,,,,,,,,,,,,,,,
female.n.02,Neut,Sing,Starbucks,PROPN,N|eigen|ev|basis|stan,Starbucks,,Name,nl/p28/d0896,,,,,,,,,,,,,,,,,,,
slapen.v.01,,Sing,slapen,VERB,WW|pv|verl|ev,person.n.01,nsubj,Agent,nl/p39/d3468,Fin,,,hij,PRON,VNW|pers|pron|nomin|vol|3|ev|masc,,Past,Nom,3,Prs,,,,,,,,
slapen.v.01,,Sing,slapen,VERB,WW|pv|verl|ev,time.n.08,,Time,nl/p39/d3468,Fin,,,,,,,Past,,,,,,,,,,,
time.n.08,,,,,,now,,TPR,nl/p39/d3468,,,,,,,,,,,,,,,,,,,
horen.v.01,,Sing,horen,VERB,WW|pv|verl|ev,time.n.08,,Time,nl/p39/d1387,Fin,,,,,,,Past,,,,,,,,,,,
time.n.08,,,,,,now,,TPR,nl/p39/d1387,,,,,,,,,,,,,,,,,,,
female.n.02,,,John,PROPN,SPEC|deeleigen,John,,Name,nl/p39/d1387,,,,,,,,,,,,,,,,,,,
time.n.08,,,,,,now,,EQU,nl/p39/d0918,,,,,,,,,,,,,,,,,,,
slim.a.01,,,slim,ADJ,ADJ|vrij|basis|zonder,jongen.n.01,nsubj,AttributeOf,nl/p39/d0918,,Com,Sing,jongen,NOUN,N|soort|ev|basis|zijd|stan,Pos,,,,,,,,,,,,
slim.a.01,,,slim,ADJ,ADJ|vrij|basis|zonder,time.n.08,,Time,nl/p39/d0918,,,,,,,Pos,,,,,,,,,,,,
female.n.02,Com,Sing,GUS,PROPN,N|eigen|ev|basis|zijd|stan,GUS,,Name,nl/p39/d0760,,,,,,,,,,,,,,,,,,,
verkopen.v.01,,Sing,verkopen,VERB,WW|pv|verl|ev,female.n.02,nsubj,Agent,nl/p39/d0760,Fin,Com,Sing,GUS,PROPN,N|eigen|ev|basis|zijd|stan,,Past,,,,,,,,,,,
verkopen.v.01,,Sing,verkopen,VERB,WW|pv|verl|ev,time.n.08,,Time,nl/p39/d0760,Fin,,,,,,,Past,,,,,,,,,,,
time.n.08,,,,,,now,,TPR,nl/p39/d0760,,,,,,,,,,,,,,,,,,,
female.n.02,Neut,Sing,Wehkamp,PROPN,N|eigen|ev|basis|onz|stan,Wehkamp,,Name,nl/p39/d0760,,,,,,,,,,,,,,,,,,,
female.n.02,Com,Sing,Tom,PROPN,N|eigen|ev|basis|zijd|stan,Tom,,Name,nl/p39/d2249,,,,,,,,,,,,,,,,,,,
hebben.v.01,,Sing,hebben,VERB,WW|pv|tgw|met-t,time.n.08,,Time,nl/p39/d2249,Fin,,,,,,,Pres,,,,,,,,,,,
hebben.v.01,,Sing,hebben,VERB,WW|pv|tgw|met-t,lul.n.01,obj,Theme,nl/p39/d2249,Fin,Com,Sing,lul,NOUN,N|soort|ev|basis|zijd|stan,,Pres,,,,,,,,,,,
time.n.08,,,,,,now,,EQU,nl/p39/d2249,,,,,,,,,,,,,,,,,,,
lul.n.01,Com,Sing,lul,NOUN,N|soort|ev|basis|zijd|stan,enorm.a.01,amod,Attribute,nl/p39/d2249,,,,enorm,ADJ,ADJ|prenom|basis|met-e|stan,,,,,,,,,Pos,,,,
time.n.08,,,,,,now,,EQU,nl/p39/d0816,,,,,,,,,,,,,,,,,,,
female.n.02,Neut,Sing,Nagasaki,PROPN,N|eigen|ev|basis|onz|stan,Nagasaki,,Name,nl/p39/d0816,,,,,,,,,,,,,,,,,,,
person.n.01,,,ik,PRON,VNW|pers|pron|nomin|vol|1|ev,speaker,,EQU,nl/p39/d2783,,,,,,,,,,,,Nom,1,Prs,,,,,
time.n.08,,,,,,now,,EQU,nl/p39/d2783,,,,,,,,,,,,,,,,,,,
bang.v.01,,,bang,ADJ,ADJ|vrij|basis|zonder,time.n.08,,Time,nl/p39/d2783,,,,,,,Pos,,,,,,,,,,,,
bang.v.01,,,bang,ADJ,ADJ|vrij|basis|zonder,dood.n.01,obl,Stimulus,nl/p39/d2783,,Com,Sing,dood,NOUN,N|soort|ev|basis|zijd|stan,Pos,,,,,,,,,,,,
time.n.08,,,,,,now,,EQU,nl/p86/d2287,,,,,,,,,,,,,,,,,,,
heerlijk.a.01,,,heerlijk,ADJ,ADJ|vrij|basis|zonder,taart.n.01,nsubj,AttributeOf,nl/p86/d2287,,Com,Sing,taart,NOUN,N|soort|ev|basis|zijd|stan,Pos,,,,,,,,,,,,
heerlijk.a.01,,,heerlijk,ADJ,ADJ|vrij|basis|zonder,time.n.08,,Time,nl/p86/d2287,,,,,,,Pos,,,,,,,,,,,,
time.n.08,,,,,,now,,EQU,nl/p86/d0909,,,,,,,,,,,,,,,,,,,
blauw.a.01,,,blauw,ADJ,ADJ|vrij|basis|zonder,time.n.08,,Time,nl/p86/d0909,,,,,,,Pos,,,,,,,,,,,,
female.n.02,Neut,Sing,BSN,PROPN,N|eigen|ev|basis|onz|stan,BSN,,Name,nl/p86/d0717,,,,,,,,,,,,,,,,,,,
kopen.v.01,,Sing,kopen,VERB,WW|pv|verl|ev,female.n.02,nsubj,Agent,nl/p86/d0717,Fin,Neut,Sing,BSN,PROPN,N|eigen|ev|basis|onz|stan,,Past,,,,,,,,,,,
kopen.v.01,,Sing,kopen,VERB,WW|pv|verl|ev,time.n.08,,Time,nl/p86/d0717,Fin,,,,,,,Past,,,,,,,,,,,
time.n.08,,,,,,now,,TPR,nl/p86/d0717,,,,,,,,,,,,,,,,,,,
female.n.02,,,RJR,PROPN,SPEC|deeleigen,RJR,,Name,nl/p86/d0717,,,,,,,,,,,,,,,,,,,
female.n.02,Com,Sing,Tom,PROPN,N|eigen|ev|basis|zijd|stan,Tom,,Name,nl/p86/d2159,,,,,,,,,,,,,,,,,,,
time.n.08,,,,,,now,,EQU,nl/p86/d2159,,,,,,,,,,,,,,,,,,,
op_eten.v.01,,,op_eten,VERB,WW|vd|vrij|zonder,time.n.08,,Time,nl/p86/d2159,Part,,,,,,,,,,,,,,,,,,
op_eten.v.01,,,op_eten,VERB,WW|vd|vrij|zonder,tijger.n.01,obl:agent,Agent,nl/p86/d2159,Part,Com,Sing,tijger,NOUN,N|soort|ev|basis|zijd|stan,,,,,,,,,,,,,
zinken.v.01,,Sing,zinken,VERB,WW|pv|tgw|met-t,time.n.08,,Time,nl/p86/d0907,Fin,,,,,,,Pres,,,,,,,,,,,
time.n.08,,,,,,now,,EQU,nl/p86/d0907,,,,,,,,,,,,,,,,,,,
masseren.v.01,,Sing,masseren,VERB,WW|pv|verl|ev,person.n.01,nsubj,Agent,nl/p86/d3485,Fin,,,ze,PRON,VNW|pers|pron|stan|red|3|ev|fem,,Past,,3,Prs,,,,,,,,
masseren.v.01,,Sing,masseren,VERB,WW|pv|verl|ev,time.n.08,,Time,nl/p86/d3485,Fin,,,,,,,Past,,,,,,,,,,,
time.n.08,,,,,,now,,TPR,nl/p86/d3485,,,,,,,,,,,,,,,,,,,
person.n.01,,,ik,PRON,VNW|pers|pron|nomin|vol|1|ev,speaker,,EQU,nl/p86/d2052,,,,,,,,,,,,Nom,1,Prs,,,,,
houden.v.01,,Sing,houden,VERB,WW|pv|tgw|ev,time.n.08,,Time,nl/p86/d2052,Fin,,,,,,,Pres,,,,,,,,,,,
time.n.08,,,,,,now,,EQU,nl/p86/d2052,,,,,,,,,,,,,,,,,,,
drinken.v.01,,Sing,drinken,VERB,WW|pv|verl|ev,person.n.01,nsubj,Agent,nl/p86/d0915,Fin,,,hij,PRON,VNW|pers|pron|nomin|vol|3|ev|masc,,Past,Nom,3,Prs,,,,,,,,
drinken.v.01,,Sing,drinken,VERB,WW|pv|verl|ev,time.n.08,,Time,nl/p86/d0915,Fin,,,,,,,Past,,,,,,,,,,,
time.n.08,,,,,,now,,TPR,nl/p86/d0915,,,,,,,,,,,,,,,,,,,
person.n.01,,,je,PRON,VNW|pers|pron|nomin|red|2v|ev,hearer,,EQU,nl/p86/d1770,,,,,,,,,,,,Nom,2,Prs,,,,,
breken.v.01,,,breken,VERB,WW|vd|vrij|zonder,person.n.01,nsubj,Agent,nl/p86/d1770,Part,,,je,PRON,VNW|pers|pron|nomin|red|2v|ev,,,Nom,2,Prs,,,,,,,,
breken.v.01,,,breken,VERB,WW|vd|vrij|zonder,wet.a.01,obj,Theme,nl/p86/d1770,Part,Com,Sing,wet,NOUN,N|soort|ev|basis|zijd|stan,,,,,,,,,,,,,
breken.v.01,,,breken,VERB,WW|vd|vrij|zonder,time.n.08,,Time,nl/p86/d1770,Part,,,,,,,,,,,,,,,,,,
person.n.01,,,ik,PRON,VNW|pers|pron|nomin|vol|1|ev,speaker,,EQU,nl/p27/d3174,,,,,,,,,,,,Nom,1,Prs,,,,,
spelen.v.01,,Sing,spelen,VERB,WW|pv|verl|ev,person.n.01,nsubj,Agent,nl/p27/d3174,Fin,,,ik,PRON,VNW|pers|pron|nomin|vol|1|ev,,Past,Nom,1,Prs,,,,,,,,
spelen.v.01,,Sing,spelen,VERB,WW|pv|verl|ev,time.n.08,,Time,nl/p27/d3174,Fin,,,,,,,Past,,,,,,,,,,,
spelen.v.01,,Sing,spelen,VERB,WW|pv|verl|ev,tennis.n.01,obj,Theme,nl/p27/d3174,Fin,Com,Sing,tennis,NOUN,N|soort|ev|basis|zijd|stan,,Past,,,,,,,,,,,
time.n.08,,,,,,now,,TPR,nl/p27/d3174,,,,,,,,,,,,,,,,,,,
time.n.08,,,,,,now,,EQU,nl/p27/d0932,,,,,,,,,,,,,,,,,,,
female.n.02,Neut,Sing,Microsoft,PROPN,N|eigen|ev|basis|onz|stan,Microsoft,,Name,nl/p27/d0932,,,,,,,,,,,,,,,,,,,
kopen.v.01,,,kopen,VERB,WW|vd|vrij|zonder,muis.n.01,obj,Theme,nl/p27/d0932,Part,Com,Sing,muis,NOUN,N|soort|ev|basis|zijd|stan,,,,,,,,,,,,,
female.n.02,,,Eurovisie,PROPN,SPEC|deeleigen,Eurovisie,,Name,nl/p27/d2064,,,,,,,,,,,,,,,,,,,
person.n.01,,,je,PRON,VNW|pers|pron|nomin|red|2v|ev,hearer,,EQU,nl/p27/d2756,,,,,,,,,,,,Nom,2,Prs,,,,,
toe_zijn.v.01,,Sing,toe_zijn,VERB,WW|pv|tgw|met-t,time.n.08,,Time,nl/p27/d2756,Fin,,,,,,,Pres,,,,,,,,,,,
time.n.08,,,,,,now,,EQU,nl/p27/d2756,,,,,,,,,,,,,,,,,,,
verslaan.v.01,,,verslaan,VERB,WW|vd|vrij|zonder,time.n.08,,Time,nl/p27/d3223,Part,,,,,,,,,,,,,,,,,,
verslaan.v.01,,,verslaan,VERB,WW|vd|vrij|zonder,tijger.n.01,obl:agent,Agent,nl/p27/d3223,Part,Com,Sing,tijger,NOUN,N|soort|ev|basis|zijd|stan,,,,,,,,,,,,,
female.n.02,Com,Sing,Leloir,PROPN,N|eigen|ev|basis|zijd|stan,Leloir,,Name,nl/p27/d0712,,,,,,,,,,,,,,,,,,,
female.n.02,"Com,Neut",Sing,El-Nashar,PROPN,N|eigen|ev|basis|zijd|stan,El-Nashar,,Name,nl/p27/d0760,,,,,,,,,,,,,,,,,,,
toe_bijten.v.01,,Sing,toe_bijten,VERB,WW|pv|verl|ev,time.n.08,,Time,nl/p27/d1900,Fin,,,,,,,Past,,,,,,,,,,,
time.n.08,,,,,,now,,TPR,nl/p27/d1900,,,,,,,,,,,,,,,,,,,
female.n.02,Com,Sing,PM,PROPN,N|eigen|ev|basis|zijd|stan,PM,,Name,nl/p27/d0766,,,,,,,,,,,,,,,,,,,
verwerven.v.01,,Sing,verwerven,VERB,WW|pv|verl|ev,female.n.02,nsubj,Agent,nl/p27/d0766,Fin,Com,Sing,PM,PROPN,N|eigen|ev|basis|zijd|stan,,Past,,,,,,,,,,,
verwerven.v.01,,Sing,verwerven,VERB,WW|pv|verl|ev,time.n.08,,Time,nl/p27/d0766,Fin,,,,,,,Past,,,,,,,,,,,
verwerven.v.01,,Sing,verwerven,VERB,WW|pv|verl|ev,fabriek.n.01,obj,Theme,nl/p27/d0766,Fin,,Plur,fabriek,NOUN,N|soort|mv|basis,,Past,,,,,,,,,,,
time.n.08,,,,,,now,,TPR,nl/p27/d0766,,,,,,,,,,,,,,,,,,,
female.n.02,Com,Sing,Tom,PROPN,N|eigen|ev|basis|zijd|stan,Tom,,Name,nl/p27/d0886,,,,,,,,,,,,,,,,,,,
haten.v.01,,Sing,haten,VERB,WW|pv|tgw|ev,time.n.08,,Time,nl/p27/d0886,Fin,,,,,,,Pres,,,,,,,,,,,
time.n.08,,,,,,now,,EQU,nl/p27/d0886,,,,,,,,,,,,,,,,,,,
female.n.02,,,Le,PROPN,SPEC|deeleigen,Le,,Name,nl/p17/d0711,,,,,,,,,,,,,,,,,,,
zingen.v.01,,Sing,zingen,VERB,WW|pv|verl|ev,time.n.08,,Time,nl/p17/d3464,Fin,,,,,,,Past,,,,,,,,,,,
time.n.08,,,,,,now,,TPR,nl/p17/d3464,,,,,,,,,,,,,,,,,,,
staren.v.01,,Plur,staren,VERB,WW|pv|verl|mv,person.n.01,nsubj,Agent,nl/p17/d3002,Fin,,,ze,PRON,VNW|pers|pron|stan|red|3|mv,,Past,,3,Prs,,,,,,,,
staren.v.01,,Plur,staren,VERB,WW|pv|verl|mv,time.n.08,,Time,nl/p17/d3002,Fin,,,,,,,Past,,,,,,,,,,,
time.n.08,,,,,,now,,TPR,nl/p17/d3002,,,,,,,,,,,,,,,,,,,
kosten.v.01,,Sing,kosten,VERB,WW|pv|tgw|ev,time.n.08,,Time,nl/p17/d1511,Fin,,,,,,,Pres,,,,,,,,,,,
kosten.v.01,,Sing,kosten,VERB,WW|pv|tgw|ev,banaan.n.01,nsubj,Theme,nl/p17/d1511,Fin,Com,Sing,banaan,NOUN,N|soort|ev|basis|zijd|stan,,Pres,,,,,,,,,,,
time.n.08,,,,,,now,,EQU,nl/p17/d1511,,,,,,,,,,,,,,,,,,,
person.n.01,,,ik,PRON,VNW|pers|pron|nomin|vol|1|ev,speaker,,EQU,nl/p97/d2142,,,,,,,,,,,,Nom,1,Prs,,,,,
bestellen.v.01,,,bestellen,VERB,WW|vd|vrij|zonder,person.n.01,nsubj,Agent,nl/p97/d2142,Part,,,ik,PRON,VNW|pers|pron|nomin|vol|1|ev,,,Nom,1,Prs,,,,,,,,
bestellen.v.01,,,bestellen,VERB,WW|vd|vrij|zonder,pizza.n.01,obj,Theme,nl/p97/d2142,Part,Com,Sing,pizza,NOUN,N|soort|ev|basis|zijd|stan,,,,,,,,,,,,,
bestellen.v.01,,,bestellen,VERB,WW|vd|vrij|zonder,time.n.08,,Time,nl/p97/d2142,Part,,,,,,,,,,,,,,,,,,
time.n.08,,,,,,now,,EQU,nl/p97/d0763,,,,,,,,,,,,,,,,,,,
breed.a.01,,,breed,ADJ,ADJ|vrij|basis|zonder,time.n.08,,Time,nl/p97/d0763,,,,,,,Pos,,,,,,,,,,,,
werken.v.01,,Sing,werken,VERB,WW|pv|tgw|met-t,person.n.01,nsubj,Agent,nl/p97/d2625,Fin,,,hij,PRON,VNW|pers|pron|nomin|vol|3|ev|masc,,Pres,Nom,3,Prs,,,,,,,,
werken.v.01,,Sing,werken,VERB,WW|pv|tgw|met-t,time.n.08,,Time,nl/p97/d2625,Fin,,,,,,,Pres,,,,,,,,,,,
time.n.08,,,,,,now,,EQU,nl/p97/d2625,,,,,,,,,,,,,,,,,,,
female.n.02,Neut,Sing,Cisco,PROPN,N|eigen|ev|basis|onz|stan,Cisco,,Name,nl/p97/d0712,,,,,,,,,,,,,,,,,,,
female.n.02,Com,Sing,Mary,PROPN,N|eigen|ev|basis|zijd|stan,Mary,,Name,nl/p97/d3451,,,,,,,,,,,,,,,,,,,
kluns.n.01,Com,Sing,kluns,NOUN,N|soort|ev|basis|zijd|stan,female.n.02,nsubj,Theme,nl/p97/d3451,,Com,Sing,Mary,PROPN,N|eigen|ev|basis|zijd|stan,,,,,,,,,,,,,
female.n.02,Com,Sing,John,PROPN,N|eigen|ev|basis|zijd|stan,John,,Name,nl/p97/d0794,,,,,,,,,,,,,,,,,,,
lopen_in.v.01,,Sing,lopen,VERB,WW|pv|verl|ev,time.n.08,,Time,nl/p97/d0794,Fin,,,,,,,Past,,,,,,,,,,,
time.n.08,,,,,,now,,TPR,nl/p97/d0794,,,,,,,,,,,,,,,,,,,
oversteken.v.01,,,oversteken,VERB,WW|vd|vrij|zonder,time.n.08,,Time,nl/p97/d3158,Part,,,,,,,,,,,,,,,,,,
person.n.01,,,ik,PRON,VNW|pers|pron|nomin|vol|1|ev,speaker,,EQU,nl/p68/d0956,,,,,,,,,,,,Nom,1,Prs,,,,,
geven.v.01,,Sing,geven,VERB,WW|pv|verl|ev,person.n.01,nsubj,Agent,nl/p68/d0956,Fin,,,ik,PRON,VNW|pers|pron|nomin|vol|1|ev,,Past,Nom,1,Prs,,,,,,,,
geven.v.01,,Sing,geven,VERB,WW|pv|verl|ev,time.n.08,,Time,nl/p68/d0956,Fin,,,,,,,Past,,,,,,,,,,,
geven.v.01,,Sing,geven,VERB,WW|pv|verl|ev,kalmering_middel.n.01,obj,Theme,nl/p68/d0956,Fin,Neut,Sing,kalmering_middel,NOUN,N|soort|ev|basis|onz|stan,,Past,,,,,,,,,,,
time.n.08,,,,,,now,,TPR,nl/p68/d0956,,,,,,,,,,,,,,,,,,,
female.n.02,Com,Sing,Tom,PROPN,N|eigen|ev|basis|zijd|stan,Tom,,Name,nl/p68/d0956,,,,,,,,,,,,,,,,,,,
nemen.v.01,,Sing,nemen,VERB,WW|pv|verl|ev,person.n.01,nsubj,Agent,nl/p68/d2319,Fin,,,ze,PRON,VNW|pers|pron|stan|red|3|ev|fem,,Past,,3,Prs,,,,,,,,
nemen.v.01,,Sing,nemen,VERB,WW|pv|verl|ev,time.n.08,,Time,nl/p68/d2319,Fin,,,,,,,Past,,,,,,,,,,,
nemen.v.01,,Sing,nemen,VERB,WW|pv|verl|ev,taxi.n.01,obj,Theme,nl/p68/d2319,Fin,Com,Sing,taxi,NOUN,N|soort|ev|basis|zijd|stan,,Past,,,,,,,,,,,
time.n.08,,,,,,now,,TPR,nl/p68/d2319,,,,,,,,,,,,,,,,,,,
person.n.01,,,ik,PRON,VNW|pers|pron|nomin|vol|1|ev,speaker,,EQU,nl/p77/d1850,,,,,,,,,,,,Nom,1,Prs,,,,,
verstaan.v.01,,,verstaan,VERB,WW|inf|vrij|zonder,time.n.08,,Time,nl/p77/d1850,Inf,,,,,,,,,,,,,,,,,,
time.n.08,,,,,,now,,EQU,nl/p77/d0856,,,,,,,,,,,,,,,,,,,
ziek.a.01,,,ziek,ADJ,ADJ|vrij|basis|zonder,person.n.01,nsubj,AttributeOf,nl/p77/d0856,,,,hij,PRON,VNW|pers|pron|nomin|vol|3|ev|masc,Pos,,Nom,3,Prs,,,,,,,,
ziek.a.01,,,ziek,ADJ,ADJ|vrij|basis|zonder,time.n.08,,Time,nl/p77/d0856,,,,,,,Pos,,,,,,,,,,,,
female.n.02,Com,Sing,Tom,PROPN,N|eigen|ev|basis|zijd|stan,Tom,,Name,nl/p77/d2277,,,,,,,,,,,,,,,,,,,
heer.n.01,Com,Sing,heer,NOUN,N|soort|ev|basis|zijd|stan,female.n.02,nsubj,Theme,nl/p77/d2277,,Com,Sing,Tom,PROPN,N|eigen|ev|basis|zijd|stan,,,,,,,,,,,,,
heer.n.01,Com,Sing,heer,NOUN,N|soort|ev|basis|zijd|stan,time.n.08,,Time,nl/p77/d2277,,,,,,,,,,,,,,,,,,,
time.n.08,,,,,,now,,EQU,nl/p77/d2277,,,,,,,,,,,,,,,,,,,
time.n.08,,,,,,now,,EQU,nl/p77/d1878,,,,,,,,,,,,,,,,,,,
zeventien.n.01,,,zeventien,NUM,TW|hoofd|vrij,time.n.08,,Time,nl/p77/d1878,,,,,,,,,,,,,,,,,,,
female.n.02,Com,Sing,Elaine,PROPN,N|eigen|ev|basis|zijd|stan,Elaine,,Name,nl/p77/d0945,,,,,,,,,,,,,,,,,,,
time.n.08,,,,,,now,,EQU,nl/p77/d0945,,,,,,,,,,,,,,,,,,,
time.n.08,,,,,,now,,EQU,nl/p67/d1391,,,,,,,,,,,,,,,,,,,
noemen.v.01,,Sing,noemen,VERB,WW|pv|tgw|ev,ouverture.n.01,obj,Theme,nl/p67/d1391,Fin,Com,Sing,ouverture,NOUN,N|soort|ev|basis|zijd|stan,,Pres,,,,,,,,,,,
female.n.02,Com,Sing,Berlioz,PROPN,N|eigen|ev|basis|zijd|stan,Berlioz,,Name,nl/p67/d1391,,,,,,,,,,,,,,,,,,,
bushalte.n.01,Com,Sing,bushalte,NOUN,N|soort|ev|basis|zijd|stan,person.n.01,nsubj,Theme,nl/p67/d0803,,,,dat,PRON,VNW|aanw|pron|stan|vol|3o|ev,,,,3,Dem,,,,,,,,
bushalte.n.01,Com,Sing,bushalte,NOUN,N|soort|ev|basis|zijd|stan,time.n.08,,Time,nl/p67/d0803,,,,,,,,,,,,,,,,,,,
time.n.08,,,,,,now,,EQU,nl/p67/d0803,,,,,,,,,,,,,,,,,,,
time.n.08,,,,,,now,,EQU,nl/p67/d0930,,,,,,,,,,,,,,,,,,,
bang.v.01,,,bang,ADJ,ADJ|vrij|basis|zonder,time.n.08,,Time,nl/p67/d0930,,,,,,,Pos,,,,,,,,,,,,
bang.v.01,,,bang,ADJ,ADJ|vrij|basis|zonder,water.n.06,obl,Stimulus,nl/p67/d0930,,Neut,Sing,water,NOUN,N|soort|ev|basis|onz|stan,Pos,,,,,,,,,,,,
female.n.02,Com,Sing,Mary,PROPN,N|eigen|ev|basis|zijd|stan,Mary,,Name,nl/p67/d0917,,,,,,,,,,,,,,,,,,,
terug_slaan.v.01,,Sing,terug_slaan,VERB,WW|pv|verl|ev,female.n.02,nsubj,Agent,nl/p67/d0917,Fin,Com,Sing,Mary,PROPN,N|eigen|ev|basis|zijd|stan,,Past,,,,,,,,,,,
terug_slaan.v.01,,Sing,terug_slaan,VERB,WW|pv|verl|ev,time.n.08,,Time,nl/p67/d0917,Fin,,,,,,,Past,,,,,,,,,,,
time.n.08,,,,,,now,,TPR,nl/p67/d0917,,,,,,,,,,,,,,,,,,,
female.n.02,Com,Sing,Tom,PROPN,N|eigen|ev|basis|zijd|stan,Tom,,Name,nl/p67/d0917,,,,,,,,,,,,,,,,,,,
time.n.08,,,,,,now,,EQU,nl/p19/d2434,,,,,,,,,,,,,,,,,,,
geel.a.01,,,geel,ADJ,ADJ|vrij|basis|zonder,time.n.08,,Time,nl/p19/d2434,,,,,,,Pos,,,,,,,,,,,,
spelen.v.01,,Sing,spelen,VERB,WW|pv|verl|ev,person.n.01,nsubj,Agent,nl/p19/d0838,Fin,,,hij,PRON,VNW|pers|pron|nomin|vol|3|ev|masc,,Past,Nom,3,Prs,,,,,,,,
spelen.v.01,,Sing,spelen,VERB,WW|pv|verl|ev,time.n.08,,Time,nl/p19/d0838,Fin,,,,,,,Past,,,,,,,,,,,
spelen.v.01,,Sing,spelen,VERB,WW|pv|verl|ev,piano.n.01,obj,Theme,nl/p19/d0838,Fin,Com,Sing,piano,NOUN,N|soort|ev|basis|zijd|stan,,Past,,,,,,,,,,,
time.n.08,,,,,,now,,TPR,nl/p19/d0838,,,,,,,,,,,,,,,,,,,
female.n.02,,,Aurore,PROPN,SPEC|deeleigen,Aurore,,Name,nl/p19/d0711,,,,,,,,,,,,,,,,,,,
gebruiken.v.01,,,gebruiken,VERB,WW|vd|vrij|zonder,female.n.02,nsubj:pass,Time,nl/p19/d0763,Part,Com,Sing,Ebrodelta,PROPN,N|eigen|ev|basis|zijd|stan,,,,,,,,,,,,,
time.n.08,,,,,,now,,EQU,nl/p19/d0918,,,,,,,,,,,,,,,,,,,
dicht.a.01,,,dicht,ADJ,ADJ|vrij|basis|zonder,grens.n.01,nsubj,AttributeOf,nl/p19/d0918,,Com,Sing,grens,NOUN,N|soort|ev|basis|zijd|stan,Pos,,,,,,,,,,,,
dicht.a.01,,,dicht,ADJ,ADJ|vrij|basis|zonder,time.n.08,,Time,nl/p19/d0918,,,,,,,Pos,,,,,,,,,,,,
person.n.01,,,ik,PRON,VNW|pers|pron|nomin|vol|1|ev,speaker,,EQU,nl/p19/d2942,,,,,,,,,,,,Nom,1,Prs,,,,,
time.n.08,,,,,,now,,EQU,nl/p19/d2942,,,,,,,,,,,,,,,,,,,
allergisch.a.01,,,allergisch,ADJ,ADJ|vrij|basis|zonder,time.n.08,,Time,nl/p19/d2942,,,,,,,Pos,,,,,,,,,,,,
allergisch.a.01,,,allergisch,ADJ,ADJ|vrij|basis|zonder,hond.n.01,obl,Stimulus,nl/p19/d2942,,,Plur,hond,NOUN,N|soort|mv|basis,Pos,,,,,,,,,,,,
female.n.02,Com,Sing,Tom,PROPN,N|eigen|ev|basis|zijd|stan,Tom,,Name,nl/p19/d2534,,,,,,,,,,,,,,,,,,,
vrachtwagenchauffeur.n.01,Com,Sing,vrachtwagenchauffeur,NOUN,N|soort|ev|basis|zijd|stan,female.n.02,nsubj,Theme,nl/p19/d2534,,Com,Sing,Tom,PROPN,N|eigen|ev|basis|zijd|stan,,,,,,,,,,,,,
bang.v.01,,,bang,ADJ,ADJ|vrij|basis|zonder,time.n.08,,Time,nl/p19/d0847,,,,,,,Pos,,,,,,,,,,,,
bang.v.01,,,bang,ADJ,ADJ|vrij|basis|zonder,hond.n.01,obl,Stimulus,nl/p19/d0847,,Com,Sing,hond,NOUN,N|soort|ev|basis|zijd|stan,Pos,,,,,,,,,,,,
female.n.02,,,Lady,PROPN,SPEC|deeleigen,Lady,,Name,nl/p19/d0762,,,,,,,,,,,,,,,,,,,
female.n.02,,,David,PROPN,SPEC|deeleigen,David,,Name,nl/p19/d0760,,,,,,,,,,,,,,,,,,,
person.n.01,,,ik,PRON,VNW|pers|pron|nomin|vol|1|ev,speaker,,EQU,nl/p19/d2761,,,,,,,,,,,,Nom,1,Prs,,,,,
time.n.08,,,,,,now,,EQU,nl/p19/d2761,,,,,,,,,,,,,,,,,,,
oud.a.01,,,oud,ADJ,ADJ|vrij|basis|zonder,time.n.08,,Time,nl/p19/d2761,,,,,,,Pos,,,,,,,,,,,,
dragen.v.01,,Sing,dragen,VERB,WW|pv|tgw|met-t,person.n.01,nsubj,Agent,nl/p19/d0840,Fin,,,hij,PRON,VNW|pers|pron|nomin|vol|3|ev|masc,,Pres,Nom,3,Prs,,,,,,,,
dragen.v.01,,Sing,dragen,VERB,WW|pv|tgw|met-t,time.n.08,,Time,nl/p19/d0840,Fin,,,,,,,Pres,,,,,,,,,,,
dragen.v.01,,Sing,dragen,VERB,WW|pv|tgw|met-t,zonnebril.n.01,obj,Theme,nl/p19/d0840,Fin,Com,Sing,zonnebril,NOUN,N|soort|ev|basis|zijd|stan,,Pres,,,,,,,,,,,
time.n.08,,,,,,now,,EQU,nl/p19/d0840,,,,,,,,,,,,,,,,,,,
female.n.02,,,Lisa,PROPN,SPEC|deeleigen,Lisa,,Name,nl/p19/d0874,,,,,,,,,,,,,,,,,,,
openen.v.01,,Sing,openen,VERB,WW|pv|verl|ev,person.n.01,nsubj,Agent,nl/p26/d2384,Fin,,,hij,PRON,VNW|pers|pron|nomin|vol|3|ev|masc,,Past,Nom,3,Prs,,,,,,,,
person.n.01,,,ik,PRON,VNW|pers|pron|nomin|vol|1|ev,speaker,,EQU,nl/p26/d0877,,,,,,,,,,,,Nom,1,Prs,,,,,
hebben.v.01,,Sing,hebben,VERB,WW|pv|tgw|ev,time.n.08,,Time,nl/p26/d0877,Fin,,,,,,,Pres,,,,,,,,,,,
hebben.v.01,,Sing,hebben,VERB,WW|pv|tgw|ev,visum.n.01,obj,Theme,nl/p26/d0877,Fin,Neut,Sing,visum,NOUN,N|soort|ev|basis|onz|stan,,Pres,,,,,,,,,,,
time.n.08,,,,,,now,,EQU,nl/p26/d0877,,,,,,,,,,,,,,,,,,,
zijn.v.01,,Sing,zijn,VERB,WW|pv|tgw|ev,time.n.08,,Time,nl/p26/d1387,Fin,,,,,,,Pres,,,,,,,,,,,
time.n.08,,,,,,now,,EQU,nl/p26/d1387,,,,,,,,,,,,,,,,,,,
female.n.02,Neut,Sing,Chiapas,PROPN,N|eigen|ev|basis|onz|stan,Chiapas,,Name,nl/p26/d1387,,,,,,,,,,,,,,,,,,,
person.n.01,,,we,PRON,VNW|pers|pron|nomin|red|1|mv,speaker,,EQU,nl/p26/d2321,,,,,,,,,,,,Nom,1,Prs,,,,,
rond_kijken.v.01,,Plur,rond_kijken,VERB,WW|pv|verl|mv,person.n.01,nsubj,Agent,nl/p26/d2321,Fin,,,we,PRON,VNW|pers|pron|nomin|red|1|mv,,Past,Nom,1,Prs,,,,,,,,
rond_kijken.v.01,,Plur,rond_kijken,VERB,WW|pv|verl|mv,time.n.08,,Time,nl/p26/d2321,Fin,,,,,,,Past,,,,,,,,,,,
rond_kijken.v.01,,Plur,rond_kijken,VERB,WW|pv|verl|mv,film.n.01,obj,Theme,nl/p26/d2321,Fin,Com,Sing,film,NOUN,N|soort|ev|basis|zijd|stan,,Past,,,,,,,,,,,
time.n.08,,,,,,now,,TPR,nl/p26/d2321,,,,,,,,,,,,,,,,,,,
time.n.08,,,,,,now,,EQU,nl/p26/d0880,,,,,,,,,,,,,,,,,,,
baas.n.01,Com,Sing,baas,NOUN,N|soort|ev|basis|zijd|stan,person.n.01,nmod:poss,Role,nl/p26/d0880,,,,mijn,PRON,VNW|bez|det|stan|vol|1|ev|prenom|zonder|agr,,,,1,Prs,,,,,Yes,,,
female.n.02,Com,Sing,Nancy,PROPN,N|eigen|ev|basis|zijd|stan,Nancy,,Name,nl/p26/d0786,,,,,,,,,,,,,,,,,,,
hebben.v.01,,Sing,hebben,VERB,WW|pv|tgw|met-t,time.n.08,,Time,nl/p26/d0786,Fin,,,,,,,Pres,,,,,,,,,,,
hebben.v.01,,Sing,hebben,VERB,WW|pv|tgw|met-t,piano.n.01,obj,Theme,nl/p26/d0786,Fin,Com,Sing,piano,NOUN,N|soort|ev|basis|zijd|stan,,Pres,,,,,,,,,,,
time.n.08,,,,,,now,,EQU,nl/p26/d0786,,,,,,,,,,,,,,,,,,,
steken_op.v.01,,Sing,steken,VERB,WW|pv|verl|ev,time.n.08,,Time,nl/p47/d2593,Fin,,,,,,,Past,,,,,,,,,,,
time.n.08,,,,,,now,,TPR,nl/p47/d2593,,,,,,,,,,,,,,,,,,,
time.n.08,,,,,,now,,EQU,nl/p47/d1788,,,,,,,,,,,,,,,,,,,
allergisch.a.01,,,allergisch,ADJ,ADJ|vrij|basis|zonder,time.n.08,,Time,nl/p47/d1788,,,,,,,Pos,,,,,,,,,,,,
allergisch.a.01,,,allergisch,ADJ,ADJ|vrij|basis|zonder,poll.n.01,obl,Stimulus,nl/p47/d1788,,,Plur,poll,NOUN,N|soort|mv|basis,Pos,,,,,,,,,,,,
bloeden.v.01,,Sing,bloeden,VERB,WW|pv|tgw|met-t,time.n.08,,Time,nl/p47/d0909,Fin,,,,,,,Pres,,,,,,,,,,,
time.n.08,,,,,,now,,EQU,nl/p47/d0909,,,,,,,,,,,,,,,,,,,
yen.n.02,Com,Sing,yen,NOUN,N|soort|ev|basis|zijd|stan,person.n.01,nsubj,Theme,nl/p47/d0807,,,,het,PRON,VNW|pers|pron|stan|red|3|ev|onz,,,,3,Prs,,,,,,,,
yen.n.02,Com,Sing,yen,NOUN,N|soort|ev|basis|zijd|stan,time.n.08,,Time,nl/p47/d0807,,,,,,,,,,,,,,,,,,,
female.n.02,,,Allan,PROPN,SPEC|deeleigen,Allan,,Name,nl/p47/d0760,,,,,,,,,,,,,,,,,,,
time.n.08,,,,,,now,,EQU,nl/p47/d2546,,,,,,,,,,,,,,,,,,,
thees.n.01,,Plur,thees,NOUN,N|soort|ev|basis|stan,koffie.n.01,conj,Sub,nl/p47/d2546,,,Plur,koffie,NOUN,N|soort|mv|basis,,,,,,,,,,,,,
bestellen.v.01,,,bestellen,VERB,WW|vd|vrij|zonder,thees.n.01,obj,Theme,nl/p47/d2546,Part,,Plur,thees,NOUN,N|soort|ev|basis|stan,,,,,,,,,,,,,
vervelen.v.01,,Sing,vervelen,VERB,WW|pv|tgw|met-t,person.n.01,obj,Time,nl/p47/d3419,Fin,,,me,PRON,VNW|pr|pron|obl|red|1|ev,,Pres,Acc,1,Prs,,,,,,,,
person.n.01,,,me,PRON,VNW|pr|pron|obl|red|1|ev,speaker,,EQU,nl/p47/d3419,,,,,,,,,,,,Acc,1,Prs,,,,,
time.n.08,,,,,,now,,EQU,nl/p47/d3419,,,,,,,,,,,,,,,,,,,
person.n.01,,,ik,PRON,VNW|pers|pron|nomin|vol|1|ev,speaker,,EQU,nl/p47/d0852,,,,,,,,,,,,Nom,1,Prs,,,,,
time.n.08,,,,,,now,,EQU,nl/p47/d0852,,,,,,,,,,,,,,,,,,,
linkshandig.a.01,,,linkshandig,ADJ,ADJ|vrij|basis|zonder,person.n.01,nsubj,AttributeOf,nl/p47/d0852,,,,ik,PRON,VNW|pers|pron|nomin|vol|1|ev,Pos,,Nom,1,Prs,,,,,,,,
linkshandig.a.01,,,linkshandig,ADJ,ADJ|vrij|basis|zonder,time.n.08,,Time,nl/p47/d0852,,,,,,,Pos,,,,,,,,,,,,
zitten.v.01,,Sing,zitten,VERB,WW|pv|tgw|ev,kat.n.01,nsubj,Theme,nl/p47/d0945,Fin,Com,Sing,kat,NOUN,N|soort|ev|basis|zijd|stan,,Pres,,,,,,,,,,,
gaan_in.v.01,,Sing,gaan,VERB,WW|pv|verl|ev,wolf.n.01,nsubj,Theme,nl/p57/d2669,Fin,Com,Sing,wolf,NOUN,N|soort|ev|basis|zijd|stan,,Past,,,,,,,,,,,
gaan_in.v.01,,Sing,gaan,VERB,WW|pv|verl|ev,time.n.08,,Time,nl/p57/d2669,Fin,,,,,,,Past,,,,,,,,,,,
time.n.08,,,,,,now,,TPR,nl/p57/d2669,,,,,,,,,,,,,,,,,,,
leven.v.01,,Sing,leven,VERB,WW|pv|tgw|met-t,oosten.n.01,obl,Theme,nl/p57/d3359,Fin,Neut,Sing,oosten,NOUN,N|soort|ev|basis|onz|stan,,Pres,,,,,,,,,,,
leven.v.01,,Sing,leven,VERB,WW|pv|tgw|met-t,time.n.08,,Time,nl/p57/d3359,Fin,,,,,,,Pres,,,,,,,,,,,
time.n.08,,,,,,now,,EQU,nl/p57/d3359,,,,,,,,,,,,,,,,,,,
person.n.01,,,ik,PRON,VNW|pers|pron|nomin|vol|1|ev,speaker,,EQU,nl/p57/d2423,,,,,,,,,,,,Nom,1,Prs,,,,,
doen.v.01,,Sing,doen,VERB,WW|pv|tgw|ev,person.n.01,nsubj,Agent,nl/p57/d2423,Fin,,,ik,PRON,VNW|pers|pron|nomin|vol|1|ev,,Pres,Nom,1,Prs,,,,,,,,
doen.v.01,,Sing,doen,VERB,WW|pv|tgw|ev,time.n.08,,Time,nl/p57/d2423,Fin,,,,,,,Pres,,,,,,,,,,,
time.n.08,,,,,,now,,EQU,nl/p57/d2423,,,,,,,,,,,,,,,,,,,
person.n.01,,,ik,PRON,VNW|pers|pron|nomin|vol|1|ev,speaker,,EQU,nl/p57/d0816,,,,,,,,,,,,Nom,1,Prs,,,,,
strijden.v.01,,Sing,strijden,VERB,WW|pv|verl|ev,person.n.01,nsubj,Agent,nl/p57/d0816,Fin,,,ik,PRON,VNW|pers|pron|nomin|vol|1|ev,,Past,Nom,1,Prs,,,,,,,,
strijden.v.01,,Sing,strijden,VERB,WW|pv|verl|ev,time.n.08,,Time,nl/p57/d0816,Fin,,,,,,,Past,,,,,,,,,,,
strijden.v.01,,Sing,strijden,VERB,WW|pv|verl|ev,prijs.n.01,obl,Theme,nl/p57/d0816,Fin,Com,Sing,prijs,NOUN,N|soort|ev|basis|zijd|stan,,Past,,,,,,,,,,,
time.n.08,,,,,,now,,TPR,nl/p57/d0816,,,,,,,,,,,,,,,,,,,
person.n.01,,,ik,PRON,VNW|pers|pron|nomin|vol|1|ev,speaker,,EQU,nl/p57/d0822,,,,,,,,,,,,Nom,1,Prs,,,,,
betalen.v.01,,Sing,betalen,VERB,WW|pv|verl|ev,person.n.01,nsubj,Agent,nl/p57/d0822,Fin,,,ik,PRON,VNW|pers|pron|nomin|vol|1|ev,,Past,Nom,1,Prs,,,,,,,,
betalen.v.01,,Sing,betalen,VERB,WW|pv|verl|ev,time.n.08,,Time,nl/p57/d0822,Fin,,,,,,,Past,,,,,,,,,,,
time.n.08,,,,,,now,,TPR,nl/p57/d0822,,,,,,,,,,,,,,,,,,,
bezoeken.v.01,,Plur,bezoeken,VERB,WW|pv|tgw|mv,museum.n.01,obj,Theme,nl/p07/d2232,Fin,Neut,Sing,museum,NOUN,N|soort|ev|basis|onz|stan,,Pres,,,,,,,,,,,
schoen.n.01,,Plur,schoen,NOUN,N|soort|mv|basis,time.n.08,,Time,nl/p07/d2966,,,,,,,,,,,,,,,,,,,
time.n.08,,,,,,now,,EQU,nl/p07/d2966,,,,,,,,,,,,,,,,,,,
time.n.08,,,,,,now,,EQU,nl/p07/d2015,,,,,,,,,,,,,,,,,,,
veertig.n.01,,,veertig,NUM,TW|hoofd|vrij,time.n.08,,Time,nl/p07/d2015,,,,,,,,,,,,,,,,,,,
person.n.01,,,ik,PRON,VNW|pers|pron|nomin|vol|1|ev,speaker,,EQU,nl/p07/d2527,,,,,,,,,,,,Nom,1,Prs,,,,,
zien.v.01,,Sing,zien,VERB,WW|pv|verl|ev,time.n.08,,Time,nl/p07/d2527,Fin,,,,,,,Past,,,,,,,,,,,
time.n.08,,,,,,now,,TPR,nl/p07/d2527,,,,,,,,,,,,,,,,,,,
uit_vinden.v.01,,,uit_vinden,VERB,WW|vd|vrij|zonder,person.n.01,nsubj,Agent,nl/p07/d0789,Part,,,wie,PRON,VNW|vb|pron|stan|vol|3p|getal,,,,3,Int,,,,,,,,
uit_vinden.v.01,,,uit_vinden,VERB,WW|vd|vrij|zonder,time.n.08,,Time,nl/p07/d0789,Part,,,,,,,,,,,,,,,,,,
bliezen.v.01,,Sing,bliezen,VERB,WW|pv|verl|ev,time.n.08,,Time,nl/p07/d3452,Fin,,,,,,,Past,,,,,,,,,,,
time.n.08,,,,,,now,,TPR,nl/p07/d3452,,,,,,,,,,,,,,,,,,,
female.n.02,"Com,Neut",Sing,Tom.,PROPN,N|eigen|ev|basis|zijd|stan,Tom.,,Name,nl/p07/d3452,,,,,,,,,,,,,,,,,,,
moeder.n.01,Com,Sing,moeder,NOUN,N|soort|ev|basis|zijd|stan,person.n.01,nmod:poss,Role,nl/p07/d0928,,,,mijn,PRON,VNW|bez|det|stan|vol|1|ev|prenom|zonder|agr,,,,1,Prs,,,,,Yes,,,
female.n.02,Com,Sing,Maria,PROPN,N|eigen|ev|basis|zijd|stan,Maria,,Name,nl/p07/d3425,,,,,,,,,,,,,,,,,,,
schrijven.v.01,,Sing,schrijven,VERB,WW|pv|verl|ev,female.n.02,nsubj,Agent,nl/p07/d3425,Fin,Com,Sing,Maria,PROPN,N|eigen|ev|basis|zijd|stan,,Past,,,,,,,,,,,
schrijven.v.01,,Sing,schrijven,VERB,WW|pv|verl|ev,time.n.08,,Time,nl/p07/d3425,Fin,,,,,,,Past,,,,,,,,,,,
time.n.08,,,,,,now,,TPR,nl/p07/d3425,,,,,,,,,,,,,,,,,,,
person.n.01,,,me,PRON,VNW|pr|pron|obl|red|1|ev,speaker,,EQU,nl/p07/d3425,,,,,,,,,,,,Acc,1,Prs,,,,,
time.n.08,,,,,,now,,EQU,nl/p07/d0817,,,,,,,,,,,,,,,,,,,
female.n.02,Neut,Sing,Amerika,PROPN,N|eigen|ev|basis|onz|stan,Amerika,,Name,nl/p07/d0817,,,,,,,,,,,,,,,,,,,
geboren.v.01,,,geboren,VERB,WW|vd|vrij|zonder,female.n.02,obl,Location,nl/p07/d0817,Part,Neut,Sing,Amerika,PROPN,N|eigen|ev|basis|onz|stan,,,,,,,,,,,,,
female.n.02,Com,Sing,Kate,PROPN,N|eigen|ev|basis|zijd|stan,Kate,,Name,nl/p07/d0952,,,,,,,,,,,,,,,,,,,
hebben.v.01,,Sing,hebben,VERB,WW|pv|tgw|met-t,time.n.08,,Time,nl/p07/d0952,Fin,,,,,,,Pres,,,,,,,,,,,
time.n.08,,,,,,now,,EQU,nl/p07/d0952,,,,,,,,,,,,,,,,,,,
person.n.01,,,ik,PRON,VNW|pers|pron|nomin|vol|1|ev,speaker,,EQU,nl/p07/d3391,,,,,,,,,,,,Nom,1,Prs,,,,,
rijden.v.01,,Sing,rijden,VERB,WW|pv|tgw|ev,person.n.01,nsubj,Agent,nl/p07/d3391,Fin,,,ik,PRON,VNW|pers|pron|nomin|vol|1|ev,,Pres,Nom,1,Prs,,,,,,,,
rijden.v.01,,Sing,rijden,VERB,WW|pv|tgw|ev,time.n.08,,Time,nl/p07/d3391,Fin,,,,,,,Pres,,,,,,,,,,,
rijden.v.01,,Sing,rijden,VERB,WW|pv|tgw|ev,cabriolet.n.01,obj,Theme,nl/p07/d3391,Fin,Com,Sing,cabriolet,NOUN,N|soort|ev|basis|zijd|stan,,Pres,,,,,,,,,,,
time.n.08,,,,,,now,,EQU,nl/p07/d3391,,,,,,,,,,,,,,,,,,,
liggen.v.01,,Sing,liggen,VERB,WW|pv|tgw|met-t,koekje.n.01,nsubj,Theme,nl/p07/d0914,Fin,Neut,Sing,koekje,NOUN,N|soort|ev|dim|onz|stan,,Pres,,,,,,,,,,,
person.n.01,,,ik,PRON,VNW|pers|pron|nomin|vol|1|ev,speaker,,EQU,nl/p07/d0903,,,,,,,,,,,,Nom,1,Prs,,,,,
komen_tegen.v.01,,Sing,komen,VERB,WW|pv|verl|ev,person.n.01,nsubj,Agent,nl/p07/d0903,Fin,,,ik,PRON,VNW|pers|pron|nomin|vol|1|ev,,Past,Nom,1,Prs,,,,,,,,
komen_tegen.v.01,,Sing,komen,VERB,WW|pv|verl|ev,time.n.08,,Time,nl/p07/d0903,Fin,,,,,,,Past,,,,,,,,,,,
time.n.08,,,,,,now,,TPR,nl/p07/d0903,,,,,,,,,,,,,,,,,,,
broer.n.01,Com,Sing,broer,NOUN,N|soort|ev|basis|zijd|stan,person.n.01,nmod:poss,Role,nl/p07/d0903,,,,je,PRON,VNW|bez|det|stan|red|2v|ev|prenom|zonder|agr,,,,2,Prs,,,,,Yes,,,
person.n.01,,,ik,PRON,VNW|pers|pron|nomin|vol|1|ev,speaker,,EQU,nl/p07/d0882,,,,,,,,,,,,Nom,1,Prs,,,,,
hebben.v.01,,Sing,hebben,VERB,WW|pv|tgw|ev,time.n.08,,Time,nl/p07/d0882,Fin,,,,,,,Pres,,,,,,,,,,,
time.n.08,,,,,,now,,EQU,nl/p07/d0882,,,,,,,,,,,,,,,,,,,
person.n.01,,,ik,PRON,VNW|pers|pron|nomin|vol|1|ev,speaker,,EQU,nl/p07/d0822,,,,,,,,,,,,Nom,1,Prs,,,,,
geven.v.01,,Sing,geven,VERB,WW|pv|verl|ev,person.n.01,nsubj,Agent,nl/p07/d0822,Fin,,,ik,PRON,VNW|pers|pron|nomin|vol|1|ev,,Past,Nom,1,Prs,,,,,,,,
geven.v.01,,Sing,geven,VERB,WW|pv|verl|ev,time.n.08,,Time,nl/p07/d0822,Fin,,,,,,,Past,,,,,,,,,,,
geven.v.01,,Sing,geven,VERB,WW|pv|verl|ev,woord_boek.n.01,obj,Theme,nl/p07/d0822,Fin,Neut,Sing,woord_boek,NOUN,N|soort|ev|basis|onz|stan,,Past,,,,,,,,,,,
time.n.08,,,,,,now,,TPR,nl/p07/d0822,,,,,,,,,,,,,,,,,,,
broer.n.01,Com,Sing,broer,NOUN,N|soort|ev|basis|zijd|stan,person.n.01,nmod:poss,Role,nl/p07/d0822,,,,mijn,PRON,VNW|bez|det|stan|vol|1|ev|prenom|zonder|agr,,,,1,Prs,,,,,Yes,,,
female.n.02,Com,Sing,Sita,PROPN,N|eigen|ev|basis|zijd|stan,Sita,,Name,nl/p07/d0904,,,,,,,,,,,,,,,,,,,
glimlachen.v.01,,Sing,glimlachen,VERB,WW|pv|verl|ev,female.n.02,nsubj,Agent,nl/p07/d0904,Fin,Com,Sing,Sita,PROPN,N|eigen|ev|basis|zijd|stan,,Past,,,,,,,,,,,
glimlachen.v.01,,Sing,glimlachen,VERB,WW|pv|verl|ev,time.n.08,,Time,nl/p07/d0904,Fin,,,,,,,Past,,,,,,,,,,,
time.n.08,,,,,,now,,TPR,nl/p07/d0904,,,,,,,,,,,,,,,,,,,
female.n.02,Com,Sing,Bill,PROPN,N|eigen|ev|basis|zijd|stan,Bill,,Name,nl/p07/d0785,,,,,,,,,,,,,,,,,,,
doden.v.01,,,doden,VERB,WW|vd|vrij|zonder,time.n.08,,Time,nl/p07/d0785,Part,,,,,,,,,,,,,,,,,,
doden.v.01,,,doden,VERB,WW|vd|vrij|zonder,man.n.01,obl:agent,Agent,nl/p07/d0785,Part,Com,Sing,man,NOUN,N|soort|ev|basis|zijd|stan,,,,,,,,,,,,,
breken_aan.v.01,,Sing,breken,VERB,WW|pv|tgw|met-t,zonsopgang.n.01,nsubj,Theme,nl/p87/d0853,Fin,Com,Sing,zonsopgang,NOUN,N|soort|ev|basis|zijd|stan,,Pres,,,,,,,,,,,
breken_aan.v.01,,Sing,breken,VERB,WW|pv|tgw|met-t,time.n.08,,Time,nl/p87/d0853,Fin,,,,,,,Pres,,,,,,,,,,,
time.n.08,,,,,,now,,EQU,nl/p87/d0853,,,,,,,,,,,,,,,,,,,
person.n.01,,,wij,PRON,VNW|pers|pron|nomin|vol|1|mv,speaker,,EQU,nl/p87/d2062,,,,,,,,,,,,Nom,1,Prs,,,,,
zaaien.v.01,,Plur,zaaien,VERB,WW|pv|tgw|mv,person.n.01,nsubj,Agent,nl/p87/d2062,Fin,,,wij,PRON,VNW|pers|pron|nomin|vol|1|mv,,Pres,Nom,1,Prs,,,,,,,,
zaaien.v.01,,Plur,zaaien,VERB,WW|pv|tgw|mv,time.n.08,,Time,nl/p87/d2062,Fin,,,,,,,Pres,,,,,,,,,,,
time.n.08,,,,,,now,,EQU,nl/p87/d2062,,,,,,,,,,,,,,,,,,,
person.n.01,,,ik,PRON,VNW|pers|pron|nomin|vol|1|ev,speaker,,EQU,nl/p87/d1712,,,,,,,,,,,,Nom,1,Prs,,,,,
eten.v.01,,Sing,eten,VERB,WW|pv|tgw|ev,person.n.01,nsubj,Agent,nl/p87/d1712,Fin,,,ik,PRON,VNW|pers|pron|nomin|vol|1|ev,,Pres,Nom,1,Prs,,,,,,,,
eten.v.01,,Sing,eten,VERB,WW|pv|tgw|ev,time.n.08,,Time,nl/p87/d1712,Fin,,,,,,,Pres,,,,,,,,,,,
time.n.08,,,,,,now,,EQU,nl/p87/d1712,,,,,,,,,,,,,,,,,,,
female.n.02,Com,Sing,Zhao,PROPN,N|eigen|ev|basis|zijd|stan,Zhao,,Name,nl/p87/d0760,,,,,,,,,,,,,,,,,,,
kopen.v.01,,Sing,kopen,VERB,WW|pv|verl|ev,cadeau.n.01,obj,Theme,nl/p87/d3478,Fin,Neut,Sing,cadeau,NOUN,N|soort|ev|dim|onz|stan,,Past,,,,,,,,,,,
female.n.02,Com,Sing,Tom,PROPN,N|eigen|ev|basis|zijd|stan,Tom,,Name,nl/p87/d3478,,,,,,,,,,,,,,,,,,,
zitten.v.01,,Sing,zitten,VERB,WW|pv|tgw|ev,time.n.08,,Time,nl/p87/d0878,Fin,,,,,,,Pres,,,,,,,,,,,
time.n.08,,,,,,now,,EQU,nl/p87/d0878,,,,,,,,,,,,,,,,,,,
female.n.02,Neut,Sing,Tsjetsjeni,PROPN,N|eigen|ev|basis|onz|stan,Tsjetsjeni,,Name,nl/p87/d1385,,,,,,,,,,,,,,,,,,,
moeder.n.01,Com,Sing,moeder,NOUN,N|soort|ev|basis|zijd|stan,person.n.01,nmod:poss,Role,nl/p87/d0945,,,,mijn,PRON,VNW|bez|det|stan|vol|1|ev|prenom|zonder|agr,,,,1,Prs,,,,,Yes,,,
leggen.v.01,,,leggen,VERB,WW|vd|vrij|zonder,taart.n.01,obj,Theme,nl/p87/d0945,Part,Com,Sing,taart,NOUN,N|soort|ev|basis|zijd|stan,,,,,,,,,,,,,
leggen.v.01,,,leggen,VERB,WW|vd|vrij|zonder,time.n.08,,Time,nl/p87/d0945,Part,,,,,,,,,,,,,,,,,,
female.n.02,Com,Sing,Bill,PROPN,N|eigen|ev|basis|zijd|stan,Bill,,Name,nl/p99/d0784,,,,,,,,,,,,,,,,,,,
warm.a.01,,,warm,ADJ,ADJ|vrij|basis|zonder,kamer.n.01,nsubj,AttributeOf,nl/p99/d0911,,Com,Sing,kamer,NOUN,N|soort|ev|basis|zijd|stan,Pos,,,,,,,,,,,,
warm.a.01,,,warm,ADJ,ADJ|vrij|basis|zonder,time.n.08,,Time,nl/p99/d0911,,,,,,,Pos,,,,,,,,,,,,
zitten.v.01,,Sing,zitten,VERB,WW|pv|verl|ev,person.n.01,nsubj,Agent,nl/p99/d0875,Fin,,,ze,PRON,VNW|pers|pron|stan|red|3|ev|fem,,Past,,3,Prs,,,,,,,,
zitten.v.01,,Sing,zitten,VERB,WW|pv|verl|ev,time.n.08,,Time,nl/p99/d0875,Fin,,,,,,,Past,,,,,,,,,,,
time.n.08,,,,,,now,,TPR,nl/p99/d0875,,,,,,,,,,,,,,,,,,,
time.n.08,,,,,,now,,EQU,nl/p99/d0859,,,,,,,,,,,,,,,,,,,
verslaven.v.01,,,verslaven,VERB,WW|vd|vrij|zonder,time.n.08,,Time,nl/p99/d0859,Part,,,,,,,,,,,,,,,,,,
female.n.02,Neut,Sing,Starbucks,PROPN,N|eigen|ev|basis|stan,Starbucks,,Name,nl/p99/d0859,,,,,,,,,,,,,,,,,,,
female.n.02,Com,Sing,Tom,PROPN,N|eigen|ev|basis|zijd|stan,Tom,,Name,nl/p99/d2492,,,,,,,,,,,,,,,,,,,
koer_kerven.v.01,,Sing,koer_kerven,VERB,WW|pv|verl|ev,female.n.02,nsubj,Agent,nl/p99/d2492,Fin,Com,Sing,Tom,PROPN,N|eigen|ev|basis|zijd|stan,,Past,,,,,,,,,,,
koer_kerven.v.01,,Sing,koer_kerven,VERB,WW|pv|verl|ev,time.n.08,,Time,nl/p99/d2492,Fin,,,,,,,Past,,,,,,,,,,,
koer_kerven.v.01,,Sing,koer_kerven,VERB,WW|pv|verl|ev,initiaal.n.01,obj,Theme,nl/p99/d2492,Fin,,Plur,initiaal,NOUN,N|soort|mv|basis,,Past,,,,,,,,,,,
time.n.08,,,,,,now,,TPR,nl/p99/d2492,,,,,,,,,,,,,,,,,,,
wonen.v.01,,Sing,wonen,VERB,WW|pv|tgw|met-t,time.n.08,,Time,nl/p99/d0836,Fin,,,,,,,Pres,,,,,,,,,,,
time.n.08,,,,,,now,,EQU,nl/p99/d0836,,,,,,,,,,,,,,,,,,,
werken.v.01,,Sing,werken,VERB,WW|pv|verl|ev,person.n.01,nsubj,Agent,nl/p99/d0957,Fin,,,hij,PRON,VNW|pers|pron|nomin|vol|3|ev|masc,,Past,Nom,3,Prs,,,,,,,,
werken.v.01,,Sing,werken,VERB,WW|pv|verl|ev,time.n.08,,Time,nl/p99/d0957,Fin,,,,,,,Past,,,,,,,,,,,
time.n.08,,,,,,now,,TPR,nl/p99/d0957,,,,,,,,,,,,,,,,,,,
female.n.02,,,Stephen,PROPN,SPEC|deeleigen,Stephen,,Name,nl/p99/d0716,,,,,,,,,,,,,,,,,,,
zijn.v.01,,Plur,zijn,VERB,WW|pv|tgw|mv,time.n.08,,Time,nl/p99/d0917,Fin,,,,,,,Pres,,,,,,,,,,,
zijn.v.01,,Plur,zijn,VERB,WW|pv|tgw|mv,redding_boot.n.01,nsubj,Theme,nl/p99/d0917,Fin,,Plur,redding_boot,NOUN,N|soort|mv|basis,,Pres,,,,,,,,,,,
time.n.08,,,,,,now,,EQU,nl/p99/d0917,,,,,,,,,,,,,,,,,,,
zoon.n.01,Com,Sing,zoon,NOUN,N|soort|ev|basis|zijd|stan,person.n.01,nmod:poss,Role,nl/p99/d2795,,,,mijn,PRON,VNW|bez|det|stan|vol|1|ev|prenom|zonder|agr,,,,1,Prs,,,,,Yes,,,
oud.a.01,,,oud,ADJ,ADJ|vrij|basis|zonder,zoon.n.01,nsubj,AttributeOf,nl/p99/d2795,,Com,Sing,zoon,NOUN,N|soort|ev|basis|zijd|stan,Pos,,,,,,,,,,,,
zijn.v.01,,Plur,zijn,VERB,WW|pv|tgw|mv,time.n.08,,Time,nl/p99/d0894,Fin,,,,,,,Pres,,,,,,,,,,,
zijn.v.01,,Plur,zijn,VERB,WW|pv|tgw|mv,parkeer_meter.n.01,nsubj,Theme,nl/p99/d0894,Fin,,Plur,parkeer_meter,NOUN,N|soort|mv|basis,,Pres,,,,,,,,,,,
time.n.08,,,,,,now,,EQU,nl/p99/d0894,,,,,,,,,,,,,,,,,,,
female.n.02,Neut,Sing,Parmalat,PROPN,N|eigen|ev|basis|onz|stan,Parmalat,,Name,nl/p99/d0760,,,,,,,,,,,,,,,,,,,
kosten.v.01,,Sing,kosten,VERB,WW|pv|tgw|ev,time.n.08,,Time,nl/p99/d0760,Fin,,,,,,,Pres,,,,,,,,,,,
time.n.08,,,,,,now,,EQU,nl/p99/d0760,,,,,,,,,,,,,,,,,,,
female.n.02,Com,Sing,Tom,PROPN,N|eigen|ev|basis|zijd|stan,Tom,,Name,nl/p99/d2807,,,,,,,,,,,,,,,,,,,
plaatsen.v.01,,Sing,plaatsen,VERB,WW|pv|verl|ev,female.n.02,nsubj,Agent,nl/p99/d2807,Fin,Com,Sing,Tom,PROPN,N|eigen|ev|basis|zijd|stan,,Past,,,,,,,,,,,
plaatsen.v.01,,Sing,plaatsen,VERB,WW|pv|verl|ev,time.n.08,,Time,nl/p99/d2807,Fin,,,,,,,Past,,,,,,,,,,,
plaatsen.v.01,,Sing,plaatsen,VERB,WW|pv|verl|ev,map.n.01,obj,Theme,nl/p99/d2807,Fin,Com,Sing,map,NOUN,N|soort|ev|basis|zijd|stan,,Past,,,,,,,,,,,
time.n.08,,,,,,now,,TPR,nl/p99/d2807,,,,,,,,,,,,,,,,,,,
female.n.02,Com,Sing,John,PROPN,N|eigen|ev|basis|zijd|stan,John,,Name,nl/p99/d0794,,,,,,,,,,,,,,,,,,,
time.n.08,,,,,,now,,EQU,nl/p99/d0794,,,,,,,,,,,,,,,,,,,
goed.a.01,,,goed,ADJ,ADJ|vrij|basis|zonder,female.n.02,nsubj,AttributeOf,nl/p99/d0794,,Com,Sing,John,PROPN,N|eigen|ev|basis|zijd|stan,Pos,,,,,,,,,,,,
goed.a.01,,,goed,ADJ,ADJ|vrij|basis|zonder,time.n.08,,Time,nl/p99/d0794,,,,,,,Pos,,,,,,,,,,,,
person.n.01,,,ik,PRON,VNW|pers|pron|nomin|vol|1|ev,speaker,,EQU,nl/p99/d0880,,,,,,,,,,,,Nom,1,Prs,,,,,
fiets.n.01,Com,Sing,fiets,NOUN,N|soort|ev|basis|zijd|stan,person.n.01,nsubj,Theme,nl/p99/d0796,,,,dit,PRON,VNW|aanw|pron|stan|vol|3o|ev,,,,3,Dem,,,,,,,,
person.n.01,,,jou,PRON,VNW|bez|det|stan|vol|2|ev|prenom|zonder|agr,hearer,,EQU,nl/p99/d0796,,,,,,,,,,,,,2,Prs,,,,,Yes
vriend.n.01,Com,Sing,vriend,NOUN,N|soort|ev|basis|zijd|stan,person.n.01,nsubj,Theme,nl/p99/d0879,,,,hij,PRON,VNW|pers|pron|nomin|vol|3|ev|masc,,,Nom,3,Prs,,,,,,,,
person.n.01,,,mijn,PRON,VNW|bez|det|stan|vol|1|ev|prenom|zonder|agr,speaker,,EQU,nl/p99/d0879,,,,,,,,,,,,,1,Prs,,,,,Yes
female.n.02,Com,Sing,Tom,PROPN,N|eigen|ev|basis|zijd|stan,Tom,,Name,nl/p09/d0933,,,,,,,,,,,,,,,,,,,
hebben.v.01,,Sing,hebben,VERB,WW|pv|tgw|met-t,time.n.08,,Time,nl/p09/d0933,Fin,,,,,,,Pres,,,,,,,,,,,
hebben.v.01,,Sing,hebben,VERB,WW|pv|tgw|met-t,creditcard.n.01,obj,Theme,nl/p09/d0933,Fin,Com,Sing,creditcard,NOUN,N|soort|ev|basis|zijd|stan,,Pres,,,,,,,,,,,
time.n.08,,,,,,now,,EQU,nl/p09/d0933,,,,,,,,,,,,,,,,,,,
kerel.n.01,Com,Sing,kerel,NOUN,N|soort|ev|basis|zijd|stan,time.n.08,,Time,nl/p09/d0838,,,,,,,,,,,,,,,,,,,
kerel.n.01,Com,Sing,kerel,NOUN,N|soort|ev|basis|zijd|stan,person.n.01,nsubj,Theme,nl/p09/d0838,,,,hij,PRON,VNW|pers|pron|nomin|vol|3|ev|masc,,,Nom,3,Prs,,,,,,,,
time.n.08,,,,,,now,,EQU,nl/p09/d0838,,,,,,,,,,,,,,,,,,,
person.n.01,,,ik,PRON,VNW|pers|pron|nomin|vol|1|ev,speaker,,EQU,nl/p09/d2518,,,,,,,,,,,,Nom,1,Prs,,,,,
bestellen.v.01,,,bestellen,VERB,WW|vd|vrij|zonder,person.n.01,nsubj,Agent,nl/p09/d2518,Part,,,ik,PRON,VNW|pers|pron|nomin|vol|1|ev,,,Nom,1,Prs,,,,,,,,
bestellen.v.01,,,bestellen,VERB,WW|vd|vrij|zonder,pizza.n.01,obj,Theme,nl/p09/d2518,Part,Com,Sing,pizza,NOUN,N|soort|ev|basis|zijd|stan,,,,,,,,,,,,,
bestellen.v.01,,,bestellen,VERB,WW|vd|vrij|zonder,time.n.08,,Time,nl/p09/d2518,Part,,,,,,,,,,,,,,,,,,
gromen.v.01,,Sing,gromen,VERB,WW|pv|verl|ev,person.n.01,obl,Time,nl/p09/d1966,Fin,,,mij,PRON,VNW|pr|pron|obl|vol|1|ev,,Past,Acc,1,Prs,,,,,,,,
time.n.08,,,,,,now,,EQU,nl/p46/d3145,,,,,,,,,,,,,,,,,,,
female.n.02,,,Ibrahim,PROPN,SPEC|deeleigen,Ibrahim,,Name,nl/p46/d0712,,,,,,,,,,,,,,,,,,,
lachen.v.01,,Sing,lachen,VERB,WW|pv|verl|ev,person.n.01,nsubj,Agent,nl/p37/d0776,Fin,,,iedereen,PRON,VNW|onbep|pron|stan|vol|3p|ev,,Past,,3,Ind,,,,,,,,
lachen.v.01,,Sing,lachen,VERB,WW|pv|verl|ev,time.n.08,,Time,nl/p37/d0776,Fin,,,,,,,Past,,,,,,,,,,,
time.n.08,,,,,,now,,TPR,nl/p37/d0776,,,,,,,,,,,,,,,,,,,
lerares.n.01,Com,Sing,lerares,NOUN,N|soort|ev|basis|zijd|stan,person.n.01,nsubj,Theme,nl/p37/d1549,,,,ze,PRON,VNW|pers|pron|stan|red|3|ev|fem,,,,3,Prs,,,,,,,,
roken.v.01,,Sing,roken,VERB,WW|pv|verl|ev,person.n.01,nsubj,Agent,nl/p37/d2865,Fin,,,ze,PRON,VNW|pers|pron|stan|red|3|ev|fem,,Past,,3,Prs,,,,,,,,
roken.v.01,,Sing,roken,VERB,WW|pv|verl|ev,time.n.08,,Time,nl/p37/d2865,Fin,,,,,,,Past,,,,,,,,,,,
time.n.08,,,,,,now,,TPR,nl/p37/d2865,,,,,,,,,,,,,,,,,,,
person.n.01,,,ik,PRON,VNW|pers|pron|nomin|vol|1|ev,speaker,,EQU,nl/p37/d0774,,,,,,,,,,,,Nom,1,Prs,,,,,
time.n.08,,,,,,now,,EQU,nl/p37/d0774,,,,,,,,,,,,,,,,,,,
allergisch.a.01,,,allergisch,ADJ,ADJ|vrij|basis|zonder,time.n.08,,Time,nl/p37/d0774,,,,,,,Pos,,,,,,,,,,,,
allergisch.a.01,,,allergisch,ADJ,ADJ|vrij|basis|zonder,vis.n.01,obl,Stimulus,nl/p37/d0774,,Com,Sing,vis,NOUN,N|soort|ev|basis|zijd|stan,Pos,,,,,,,,,,,,
person.n.01,,,ik,PRON,VNW|pers|pron|nomin|vol|1|ev,speaker,,EQU,nl/p37/d0817,,,,,,,,,,,,Nom,1,Prs,,,,,
gek.a.01,,,gek,ADJ,ADJ|vrij|basis|zonder,time.n.08,,Time,nl/p37/d0817,,,,,,,Pos,,,,,,,,,,,,
gek.a.01,,,gek,ADJ,ADJ|vrij|basis|zonder,taart.n.01,obl,Stimulus,nl/p37/d0817,,Com,Sing,taart,NOUN,N|soort|ev|basis|zijd|stan,Pos,,,,,,,,,,,,
person.n.01,,,ik,PRON,VNW|pers|pron|nomin|vol|1|ev,speaker,,EQU,nl/p37/d1495,,,,,,,,,,,,Nom,1,Prs,,,,,
gaan.v.01,,Sing,gaan,VERB,WW|pv|verl|ev,time.n.08,,Time,nl/p37/d1495,Fin,,,,,,,Past,,,,,,,,,,,
time.n.08,,,,,,now,,TPR,nl/p37/d1495,,,,,,,,,,,,,,,,,,,
female.n.02,,,General,PROPN,SPEC|deeleigen,General,,Name,nl/p37/d0760,,,,,,,,,,,,,,,,,,,
verliezen.v.01,,Sing,verliezen,VERB,WW|pv|tgw|met-t,female.n.02,nsubj,Agent,nl/p37/d0760,Fin,,,General,PROPN,SPEC|deeleigen,,Pres,,,,,,,,,,,
verliezen.v.01,,Sing,verliezen,VERB,WW|pv|tgw|met-t,time.n.08,,Time,nl/p37/d0760,Fin,,,,,,,Pres,,,,,,,,,,,
time.n.08,,,,,,now,,EQU,nl/p37/d0760,,,,,,,,,,,,,,,,,,,
time.n.08,,,,,,now,,EQU,nl/p59/d3163,,,,,,,,,,,,,,,,,,,
jong.a.01,,,jong,ADJ,ADJ|vrij|basis|zonder,person.n.01,nsubj,AttributeOf,nl/p59/d3163,,,,hij,PRON,VNW|pers|pron|nomin|vol|3|ev|masc,Pos,,Nom,3,Prs,,,,,,,,
jong.a.01,,,jong,ADJ,ADJ|vrij|basis|zonder,time.n.08,,Time,nl/p59/d3163,,,,,,,Pos,,,,,,,,,,,,
person.n.01,,,ik,PRON,VNW|pers|pron|nomin|vol|1|ev,speaker,,EQU,nl/p59/d0857,,,,,,,,,,,,Nom,1,Prs,,,,,
time.n.08,,,,,,now,,EQU,nl/p59/d0857,,,,,,,,,,,,,,,,,,,
rechtshandig.a.01,,,rechtshandig,ADJ,ADJ|vrij|basis|zonder,person.n.01,nsubj,AttributeOf,nl/p59/d0857,,,,ik,PRON,VNW|pers|pron|nomin|vol|1|ev,Pos,,Nom,1,Prs,,,,,,,,
rechtshandig.a.01,,,rechtshandig,ADJ,ADJ|vrij|basis|zonder,time.n.08,,Time,nl/p59/d0857,,,,,,,Pos,,,,,,,,,,,,
bestellen.v.01,,,bestellen,VERB,WW|vd|vrij|zonder,person.n.01,nsubj,Agent,nl/p59/d3325,Part,,,hij,PRON,VNW|pers|pron|nomin|vol|3|ev|masc,,,Nom,3,Prs,,,,,,,,
bestellen.v.01,,,bestellen,VERB,WW|vd|vrij|zonder,bier.n.01,obj,Theme,nl/p59/d3325,Part,Neut,Sing,bier,NOUN,N|soort|ev|basis|onz|stan,,,,,,,,,,,,,
bestellen.v.01,,,bestellen,VERB,WW|vd|vrij|zonder,time.n.08,,Time,nl/p59/d3325,Part,,,,,,,,,,,,,,,,,,
vliegen.v.01,,Sing,vliegen,VERB,WW|pv|verl|ev,time.n.08,,Time,nl/p59/d3181,Fin,,,,,,,Past,,,,,,,,,,,
time.n.08,,,,,,now,,TPR,nl/p59/d3181,,,,,,,,,,,,,,,,,,,
female.n.02,Neut,Sing,London,PROPN,N|eigen|ev|basis|onz|stan,London,,Name,nl/p59/d3181,,,,,,,,,,,,,,,,,,,
female.n.02,Neut,Sing,Parijs,PROPN,N|eigen|ev|basis|onz|stan,Parijs,,Name,nl/p59/d3181,,,,,,,,,,,,,,,,,,,
female.n.02,Com,Sing,Tom,PROPN,N|eigen|ev|basis|zijd|stan,Tom,,Name,nl/p59/d3169,,,,,,,,,,,,,,,,,,,
kijken.v.01,,Sing,kijken,VERB,WW|pv|verl|ev,female.n.02,nsubj,Agent,nl/p59/d3169,Fin,Com,Sing,Tom,PROPN,N|eigen|ev|basis|zijd|stan,,Past,,,,,,,,,,,
kijken.v.01,,Sing,kijken,VERB,WW|pv|verl|ev,time.n.08,,Time,nl/p59/d3169,Fin,,,,,,,Past,,,,,,,,,,,
kijken.v.01,,Sing,kijken,VERB,WW|pv|verl|ev,maan.n.01,obl,Theme,nl/p59/d3169,Fin,Com,Sing,maan,NOUN,N|soort|ev|basis|zijd|stan,,Past,,,,,,,,,,,
time.n.08,,,,,,now,,TPR,nl/p59/d3169,,,,,,,,,,,,,,,,,,,
person.n.01,,,ik,PRON,VNW|pers|pron|nomin|vol|1|ev,speaker,,EQU,nl/p08/d2142,,,,,,,,,,,,Nom,1,Prs,,,,,
tennisspeler.n.01,Com,Sing,tennisspeler,NOUN,N|soort|ev|basis|zijd|stan,person.n.01,nsubj,Theme,nl/p08/d2142,,,,ik,PRON,VNW|pers|pron|nomin|vol|1|ev,,,Nom,1,Prs,,,,,,,,
time.n.08,,,,,,now,,EQU,nl/p08/d0853,,,,,,,,,,,,,,,,,,,
gratis.a.01,,,gratis,ADJ,ADJ|vrij|basis|zonder,person.n.01,nsubj,AttributeOf,nl/p08/d0853,,,,het,PRON,VNW|pers|pron|stan|red|3|ev|onz,Pos,,,3,Prs,,,,,,,,
gratis.a.01,,,gratis,ADJ,ADJ|vrij|basis|zonder,time.n.08,,Time,nl/p08/d0853,,,,,,,Pos,,,,,,,,,,,,
person.n.01,,,ik,PRON,VNW|pers|pron|nomin|vol|1|ev,speaker,,EQU,nl/p08/d0911,,,,,,,,,,,,Nom,1,Prs,,,,,
houden.v.01,,Sing,houden,VERB,WW|pv|tgw|ev,time.n.08,,Time,nl/p08/d0911,Fin,,,,,,,Pres,,,,,,,,,,,
time.n.08,,,,,,now,,EQU,nl/p08/d0911,,,,,,,,,,,,,,,,,,,
person.n.01,,,ik,PRON,VNW|pers|pron|nomin|vol|1|ev,speaker,,EQU,nl/p08/d0801,,,,,,,,,,,,Nom,1,Prs,,,,,
breken.v.01,,,breken,VERB,WW|vd|vrij|zonder,person.n.01,nsubj,Agent,nl/p08/d0801,Part,,,ik,PRON,VNW|pers|pron|nomin|vol|1|ev,,,Nom,1,Prs,,,,,,,,
breken.v.01,,,breken,VERB,WW|vd|vrij|zonder,time.n.08,,Time,nl/p08/d0801,Part,,,,,,,,,,,,,,,,,,
kloppen.v.01,,Sing,kloppen,VERB,WW|pv|verl|ev,person.n.01,nsubj,Agent,nl/p08/d1854,Fin,,,hij,PRON,VNW|pers|pron|nomin|vol|3|ev|masc,,Past,Nom,3,Prs,,,,,,,,
kloppen.v.01,,Sing,kloppen,VERB,WW|pv|verl|ev,person.n.01,obj,Time,nl/p08/d1854,Fin,,,me,PRON,VNW|pr|pron|obl|red|1|ev,,Past,Acc,1,Prs,,,,,,,,
female.n.02,Com,Sing,Tom,PROPN,N|eigen|ev|basis|zijd|stan,Tom,,Name,nl/p08/d3364,,,,,,,,,,,,,,,,,,,
ex_gedetineerde.n.01,Com,Sing,ex_gedetineerde,NOUN,N|soort|ev|basis|zijd|stan,female.n.02,nsubj,Theme,nl/p08/d3364,,Com,Sing,Tom,PROPN,N|eigen|ev|basis|zijd|stan,,,,,,,,,,,,,
ex_gedetineerde.n.01,Com,Sing,ex_gedetineerde,NOUN,N|soort|ev|basis|zijd|stan,time.n.08,,Time,nl/p08/d3364,,,,,,,,,,,,,,,,,,,
time.n.08,,,,,,now,,EQU,nl/p08/d3364,,,,,,,,,,,,,,,,,,,
female.n.02,Com,Sing,Tom,PROPN,N|eigen|ev|basis|zijd|stan,Tom,,Name,nl/p08/d3203,,,,,,,,,,,,,,,,,,,
melken.v.01,,Sing,melken,VERB,WW|pv|tgw|met-t,female.n.02,nsubj,Agent,nl/p08/d3203,Fin,Com,Sing,Tom,PROPN,N|eigen|ev|basis|zijd|stan,,Pres,,,,,,,,,,,
melken.v.01,,Sing,melken,VERB,WW|pv|tgw|met-t,time.n.08,,Time,nl/p08/d3203,Fin,,,,,,,Pres,,,,,,,,,,,
time.n.08,,,,,,now,,EQU,nl/p08/d3203,,,,,,,,,,,,,,,,,,,
kosten.v.01,,Sing,kosten,VERB,WW|pv|tgw|ev,boek.n.01,nsubj,Theme,nl/p08/d0934,Fin,Neut,Sing,boek,NOUN,N|soort|ev|basis|onz|stan,,Pres,,,,,,,,,,,
person.n.01,,,ik,PRON,VNW|pers|pron|nomin|vol|1|ev,speaker,,EQU,nl/p08/d0921,,,,,,,,,,,,Nom,1,Prs,,,,,
krijzen.v.01,,Sing,krijzen,VERB,WW|pv|tgw|ev,person.n.01,nsubj,Agent,nl/p08/d0921,Fin,,,ik,PRON,VNW|pers|pron|nomin|vol|1|ev,,Pres,Nom,1,Prs,,,,,,,,
krijzen.v.01,,Sing,krijzen,VERB,WW|pv|tgw|ev,time.n.08,,Time,nl/p08/d0921,Fin,,,,,,,Pres,,,,,,,,,,,
time.n.08,,,,,,now,,EQU,nl/p08/d0921,,,,,,,,,,,,,,,,,,,
springen.v.01,,Sing,springen,VERB,WW|pv|verl|ev,jongen.n.01,nsubj,Theme,nl/p08/d2323,Fin,Com,Sing,jongen,NOUN,N|soort|ev|basis|zijd|stan,,Past,,,,,,,,,,,
springen.v.01,,Sing,springen,VERB,WW|pv|verl|ev,time.n.08,,Time,nl/p08/d2323,Fin,,,,,,,Past,,,,,,,,,,,
time.n.08,,,,,,now,,TPR,nl/p08/d2323,,,,,,,,,,,,,,,,,,,
female.n.02,Neut,Sing,China,PROPN,N|eigen|ev|basis|onz|stan,China,,Name,nl/p78/d2641,,,,,,,,,,,,,,,,,,,
maken.v.01,,,maken,VERB,WW|vd|vrij|zonder,female.n.02,obl,Location,nl/p78/d2641,Part,Neut,Sing,China,PROPN,N|eigen|ev|basis|onz|stan,,,,,,,,,,,,,
time.n.08,,,,,,now,,EQU,nl/p78/d0948,,,,,,,,,,,,,,,,,,,
openen.v.01,,,openen,VERB,WW|vd|vrij|zonder,time.n.08,,Time,nl/p78/d0948,Part,,,,,,,,,,,,,,,,,,
person.n.01,,,ik,PRON,VNW|pers|pron|nomin|vol|1|ev,speaker,,EQU,nl/p78/d2198,,,,,,,,,,,,Nom,1,Prs,,,,,
om_helsen.v.01,,Sing,om_helsen,VERB,WW|pv|verl|ev,person.n.01,nsubj,Agent,nl/p78/d2198,Fin,,,ik,PRON,VNW|pers|pron|nomin|vol|1|ev,,Past,Nom,1,Prs,,,,,,,,
om_helsen.v.01,,Sing,om_helsen,VERB,WW|pv|verl|ev,time.n.08,,Time,nl/p78/d2198,Fin,,,,,,,Past,,,,,,,,,,,
time.n.08,,,,,,now,,TPR,nl/p78/d2198,,,,,,,,,,,,,,,,,,,
person.n.01,,,je,PRON,VNW|pers|pron|nomin|red|2v|ev,hearer,,EQU,nl/p78/d2236,,,,,,,,,,,,Nom,2,Prs,,,,,
time.n.08,,,,,,now,,EQU,nl/p78/d2236,,,,,,,,,,,,,,,,,,,
verraden.v.01,,,verraden,VERB,WW|vd|vrij|zonder,person.n.01,nsubj,Agent,nl/p78/d2236,Part,,,je,PRON,VNW|pers|pron|nomin|red|2v|ev,,,Nom,2,Prs,,,,,,,,
verraden.v.01,,,verraden,VERB,WW|vd|vrij|zonder,person.n.01,obj,Time,nl/p78/d2236,Part,,,ons,PRON,VNW|pr|pron|obl|vol|1|mv,,,Acc,1,Prs,,,,,,,,
time.n.08,,,,,,now,,EQU,nl/p78/d1386,,,,,,,,,,,,,,,,,,,
female.n.02,Com,Sing,Milosevic,PROPN,N|eigen|ev|basis|zijd|stan,Milosevic,,Name,nl/p78/d1386,,,,,,,,,,,,,,,,,,,
tandart.n.01,Com,Sing,tandart,NOUN,N|soort|ev|basis|zijd|stan,person.n.01,nsubj,Theme,nl/p78/d2626,,,,hij,PRON,VNW|pers|pron|nomin|vol|3|ev|masc,,,Nom,3,Prs,,,,,,,,
ergeren.v.01,,Sing,ergeren,VERB,WW|pv|tgw|met-t,person.n.01,obj,Time,nl/p78/d2165,Fin,,,mij,PRON,VNW|pr|pron|obl|vol|1|ev,,Pres,Acc,1,Prs,,,,,,,,
person.n.01,,,mij,PRON,VNW|pr|pron|obl|vol|1|ev,speaker,,EQU,nl/p78/d2165,,,,,,,,,,,,Acc,1,Prs,,,,,
time.n.08,,,,,,now,,EQU,nl/p78/d2165,,,,,,,,,,,,,,,,,,,
kosten.v.01,,Plur,kosten,VERB,WW|pv|tgw|mv,sigaar.n.01,nsubj,Theme,nl/p58/d0861,Fin,,Plur,sigaar,NOUN,N|soort|mv|basis,,Pres,,,,,,,,,,,
female.n.02,,,David,PROPN,N|eigen|ev|zijd|stan,David,,Name,nl/p58/d0715,,,,,,,,,,,,,,,,,,,
behoren.v.01,,Sing,behoren,VERB,WW|pv|tgw|met-t,time.n.08,,Time,nl/p58/d0715,Fin,,,,,,,Pres,,,,,,,,,,,
time.n.08,,,,,,now,,EQU,nl/p58/d0715,,,,,,,,,,,,,,,,,,,
female.n.02,,,Partij,PROPN,SPEC|deeleigen,Partij,,Name,nl/p58/d0715,,,,,,,,,,,,,,,,,,,
time.n.08,,,,,,now,,EQU,nl/p58/d2213,,,,,,,,,,,,,,,,,,,
heerlijk.a.01,,,heerlijk,ADJ,ADJ|vrij|basis|zonder,taart.n.01,nsubj,AttributeOf,nl/p58/d2213,,Com,Sing,taart,NOUN,N|soort|ev|basis|zijd|stan,Pos,,,,,,,,,,,,
heerlijk.a.01,,,heerlijk,ADJ,ADJ|vrij|basis|zonder,time.n.08,,Time,nl/p58/d2213,,,,,,,Pos,,,,,,,,,,,,
terug_slaan.v.01,,Sing,terug_slaan,VERB,WW|pv|verl|ev,person.n.01,nsubj,Agent,nl/p58/d0936,Fin,,,zij,PRON,VNW|pers|pron|nomin|vol|3v|ev|fem,,Past,Nom,3,Prs,,,,,,,,
terug_slaan.v.01,,Sing,terug_slaan,VERB,WW|pv|verl|ev,time.n.08,,Time,nl/p58/d0936,Fin,,,,,,,Past,,,,,,,,,,,
time.n.08,,,,,,now,,TPR,nl/p58/d0936,,,,,,,,,,,,,,,,,,,
person.n.01,,,ik,PRON,VNW|pers|pron|nomin|vol|1|ev,speaker,,EQU,nl/p58/d0822,,,,,,,,,,,,Nom,1,Prs,,,,,
lenen.v.01,,,lenen,VERB,WW|vd|vrij|zonder,person.n.01,nsubj,Agent,nl/p58/d0822,Part,,,ik,PRON,VNW|pers|pron|nomin|vol|1|ev,,,Nom,1,Prs,,,,,,,,
lenen.v.01,,,lenen,VERB,WW|vd|vrij|zonder,cd.n.04,obj,Theme,nl/p58/d0822,Part,Com,Sing,cd,NOUN,N|soort|ev|basis|zijd|stan,,,,,,,,,,,,,
lenen.v.01,,,lenen,VERB,WW|vd|vrij|zonder,time.n.08,,Time,nl/p58/d0822,Part,,,,,,,,,,,,,,,,,,
vader.n.01,Com,Sing,vader,NOUN,N|soort|ev|basis|zijd|stan,person.n.01,nmod:poss,Role,nl/p18/d1618,,,,mijn,PRON,VNW|bez|det|stan|vol|1|ev|prenom|zonder|agr,,,,1,Prs,,,,,Yes,,,
time.n.08,,,,,,now,,EQU,nl/p18/d1618,,,,,,,,,,,,,,,,,,,
groot.a.01,,,groot,ADJ,ADJ|vrij|basis|zonder,vader.n.01,nsubj,AttributeOf,nl/p18/d1618,,Com,Sing,vader,NOUN,N|soort|ev|basis|zijd|stan,Pos,,,,,,,,,,,,
groot.a.01,,,groot,ADJ,ADJ|vrij|basis|zonder,time.n.08,,Time,nl/p18/d1618,,,,,,,Pos,,,,,,,,,,,,
time.n.08,,,,,,now,,EQU,nl/p18/d0895,,,,,,,,,,,,,,,,,,,
lek.a.01,,,lek,ADJ,ADJ|vrij|basis|zonder,dak.n.01,nsubj,AttributeOf,nl/p18/d0895,,Neut,Sing,dak,NOUN,N|soort|ev|basis|onz|stan,Pos,,,,,,,,,,,,
lek.a.01,,,lek,ADJ,ADJ|vrij|basis|zonder,time.n.08,,Time,nl/p18/d0895,,,,,,,Pos,,,,,,,,,,,,
female.n.02,Com,Sing,Tom,PROPN,N|eigen|ev|basis|zijd|stan,Tom,,Name,nl/p18/d1768,,,,,,,,,,,,,,,,,,,
eten.v.01,,Sing,eten,VERB,WW|pv|tgw|ev,female.n.02,nsubj,Agent,nl/p18/d1768,Fin,Com,Sing,Tom,PROPN,N|eigen|ev|basis|zijd|stan,,Pres,,,,,,,,,,,
eten.v.01,,Sing,eten,VERB,WW|pv|tgw|ev,time.n.08,,Time,nl/p18/d1768,Fin,,,,,,,Pres,,,,,,,,,,,
time.n.08,,,,,,now,,EQU,nl/p18/d1768,,,,,,,,,,,,,,,,,,,
person.n.01,,,ik,PRON,VNW|pers|pron|nomin|vol|1|ev,speaker,,EQU,nl/p18/d1661,,,,,,,,,,,,Nom,1,Prs,,,,,
heks.n.01,Com,Sing,heks,NOUN,N|soort|ev|basis|zijd|stan,person.n.01,nsubj,Theme,nl/p18/d1661,,,,ik,PRON,VNW|pers|pron|nomin|vol|1|ev,,,Nom,1,Prs,,,,,,,,
person.n.01,,,ik,PRON,VNW|pers|pron|nomin|vol|1|ev,speaker,,EQU,nl/p18/d0935,,,,,,,,,,,,Nom,1,Prs,,,,,
kopen.v.01,,,kopen,VERB,WW|vd|vrij|zonder,person.n.01,nsubj,Agent,nl/p18/d0935,Part,,,ik,PRON,VNW|pers|pron|nomin|vol|1|ev,,,Nom,1,Prs,,,,,,,,
kopen.v.01,,,kopen,VERB,WW|vd|vrij|zonder,paraplu.n.01,obj,Theme,nl/p18/d0935,Part,Com,Sing,paraplu,NOUN,N|soort|ev|basis|zijd|stan,,,,,,,,,,,,,
kopen.v.01,,,kopen,VERB,WW|vd|vrij|zonder,time.n.08,,Time,nl/p18/d0935,Part,,,,,,,,,,,,,,,,,,
sigaar.n.01,Com,Sing,sigaar,NOUN,N|soort|ev|basis|zijd|stan,person.n.01,nsubj,Theme,nl/p18/d0923,,,,het,PRON,VNW|pers|pron|stan|red|3|ev|onz,,,,3,Prs,,,,,,,,
sigaar.n.01,Com,Sing,sigaar,NOUN,N|soort|ev|basis|zijd|stan,time.n.08,,Time,nl/p18/d0923,,,,,,,,,,,,,,,,,,,
time.n.08,,,,,,now,,EQU,nl/p18/d0923,,,,,,,,,,,,,,,,,,,
female.n.02,,,Nikos,PROPN,SPEC|deeleigen,Nikos,,Name,nl/p66/d0715,,,,,,,,,,,,,,,,,,,
acteur.n.01,Com,Sing,acteur,NOUN,N|soort|ev|basis|zijd|stan,female.n.02,nsubj,Theme,nl/p66/d0715,,,,Nikos,PROPN,SPEC|deeleigen,,,,,,,,,,,,,
acteur.n.01,Com,Sing,acteur,NOUN,N|soort|ev|basis|zijd|stan,time.n.08,,Time,nl/p66/d0715,,,,,,,,,,,,,,,,,,,
time.n.08,,,,,,now,,EQU,nl/p66/d0913,,,,,,,,,,,,,,,,,,,
werking.n.01,Com,Sing,werking,NOUN,N|soort|ev|basis|zijd|stan,time.n.08,,Time,nl/p66/d0913,,,,,,,,,,,,,,,,,,,
time.n.08,,,,,,now,,EQU,nl/p66/d3457,,,,,,,,,,,,,,,,,,,
gelukkig.a.01,,,gelukkig,ADJ,ADJ|vrij|basis|zonder,time.n.08,,Time,nl/p66/d3457,,,,,,,Pos,,,,,,,,,,,,
time.n.08,,,,,,now,,EQU,nl/p66/d2406,,,,,,,,,,,,,,,,,,,
gelukkig.a.01,,,gelukkig,ADJ,ADJ|vrij|basis|zonder,time.n.08,,Time,nl/p66/d2406,,,,,,,Pos,,,,,,,,,,,,
female.n.02,Neut,Sing,Tux,PROPN,N|eigen|ev|basis|onz|stan,Tux,,Name,nl/p66/d0894,,,,,,,,,,,,,,,,,,,
vogel.n.01,Com,Sing,vogel,NOUN,N|soort|ev|basis|zijd|stan,female.n.02,nsubj,Theme,nl/p66/d0894,,Neut,Sing,Tux,PROPN,N|eigen|ev|basis|onz|stan,,,,,,,,,,,,,
vogel.n.01,Com,Sing,vogel,NOUN,N|soort|ev|basis|zijd|stan,time.n.08,,Time,nl/p66/d0894,,,,,,,,,,,,,,,,,,,
time.n.08,,,,,,now,,EQU,nl/p66/d0894,,,,,,,,,,,,,,,,,,,
female.n.02,,,Dean,PROPN,SPEC|deeleigen,Dean,,Name,nl/p66/d0712,,,,,,,,,,,,,,,,,,,
glijk_glijden_uit.v.01,,Sing,glijk_glijden,VERB,WW|pv|verl|ev,time.n.08,,Time,nl/p66/d2863,Fin,,,,,,,Past,,,,,,,,,,,
time.n.08,,,,,,now,,TPR,nl/p66/d2863,,,,,,,,,,,,,,,,,,,
female.n.02,,,Klaus,PROPN,SPEC|deeleigen,Klaus,,Name,nl/p66/d0764,,,,,,,,,,,,,,,,,,,
toneelschrijver.n.01,Com,Sing,toneelschrijver,NOUN,N|soort|ev|basis|zijd|stan,female.n.02,nsubj,Theme,nl/p66/d0764,,,,Klaus,PROPN,SPEC|deeleigen,,,,,,,,,,,,,
toneelschrijver.n.01,Com,Sing,toneelschrijver,NOUN,N|soort|ev|basis|zijd|stan,time.n.08,,Time,nl/p66/d0764,,,,,,,,,,,,,,,,,,,
time.n.08,,,,,,now,,EQU,nl/p66/d0764,,,,,,,,,,,,,,,,,,,
female.n.02,Com,Sing,Tom,PROPN,N|eigen|ev|basis|zijd|stan,Tom,,Name,nl/p36/d0900,,,,,,,,,,,,,,,,,,,
hebben.v.01,,Sing,hebben,VERB,WW|pv|tgw|met-t,time.n.08,,Time,nl/p36/d0900,Fin,,,,,,,Pres,,,,,,,,,,,
hebben.v.01,,Sing,hebben,VERB,WW|pv|tgw|met-t,ervaring.n.01,obj,Theme,nl/p36/d0900,Fin,Com,Sing,ervaring,NOUN,N|soort|ev|basis|zijd|stan,,Pres,,,,,,,,,,,
time.n.08,,,,,,now,,EQU,nl/p36/d0900,,,,,,,,,,,,,,,,,,,
time.n.08,,,,,,now,,EQU,nl/p36/d0897,,,,,,,,,,,,,,,,,,,
interessant.a.01,,,interessant,ADJ,ADJ|vrij|basis|zonder,time.n.08,,Time,nl/p36/d0897,,,,,,,Pos,,,,,,,,,,,,
liggen.v.01,,Sing,liggen,VERB,WW|pv|tgw|met-t,time.n.08,,Time,nl/p36/d1387,Fin,,,,,,,Pres,,,,,,,,,,,
time.n.08,,,,,,now,,EQU,nl/p36/d1387,,,,,,,,,,,,,,,,,,,
female.n.02,Neut,Sing,Euskirchen,PROPN,N|eigen|ev|basis|onz|stan,Euskirchen,,Name,nl/p36/d1387,,,,,,,,,,,,,,,,,,,
person.n.01,,,ik,PRON,VNW|pers|pron|nomin|vol|1|ev,speaker,,EQU,nl/p36/d1882,,,,,,,,,,,,Nom,1,Prs,,,,,
jaar.n.01,Neut,Sing,jaar,NOUN,N|soort|ev|basis|onz|stan,person.n.01,nsubj,Theme,nl/p36/d1882,,,,ik,PRON,VNW|pers|pron|nomin|vol|1|ev,,,Nom,1,Prs,,,,,,,,
person.n.01,,,jij,PRON,VNW|pers|pron|nomin|vol|2v|ev,hearer,,EQU,nl/p36/d0908,,,,,,,,,,,,Nom,2,Prs,,,,,
begrijpen.v.01,,Sing,begrijpen,VERB,WW|pv|tgw|met-t,time.n.08,,Time,nl/p36/d0908,Fin,,,,,,,Pres,,,,,,,,,,,
time.n.08,,,,,,now,,EQU,nl/p36/d0908,,,,,,,,,,,,,,,,,,,
person.n.01,,,me,PRON,VNW|pr|pron|obl|red|1|ev,speaker,,EQU,nl/p36/d0908,,,,,,,,,,,,Acc,1,Prs,,,,,
schrijven.v.01,,Sing,schrijven,VERB,WW|pv|tgw|met-t,person.n.01,nsubj,Agent,nl/p36/d0840,Fin,,,hij,PRON,VNW|pers|pron|nomin|vol|3|ev|masc,,Pres,Nom,3,Prs,,,,,,,,
schrijven.v.01,,Sing,schrijven,VERB,WW|pv|tgw|met-t,time.n.08,,Time,nl/p36/d0840,Fin,,,,,,,Pres,,,,,,,,,,,
time.n.08,,,,,,now,,EQU,nl/p36/d0840,,,,,,,,,,,,,,,,,,,
person.n.01,,,ik,PRON,VNW|pers|pron|nomin|vol|1|ev,speaker,,EQU,nl/p36/d0816,,,,,,,,,,,,Nom,1,Prs,,,,,
hebben.v.01,,Sing,hebben,VERB,WW|pv|tgw|ev,time.n.08,,Time,nl/p36/d0816,Fin,,,,,,,Pres,,,,,,,,,,,
hebben.v.01,,Sing,hebben,VERB,WW|pv|tgw|ev,auto.n.01,obj,Theme,nl/p36/d0816,Fin,Com,Sing,auto,NOUN,N|soort|ev|basis|zijd|stan,,Pres,,,,,,,,,,,
time.n.08,,,,,,now,,EQU,nl/p36/d0816,,,,,,,,,,,,,,,,,,,
person.n.01,,,dit,PRON,VNW|aanw|pron|stan|vol|3o|ev,boek.n.01,nsubj,Co-Theme,nl/p36/d0796,,Neut,Sing,boek,NOUN,N|soort|ev|basis|onz|stan,,,,,,,3,Dem,,,,,
person.n.01,,,dit,PRON,VNW|aanw|pron|stan|vol|3o|ev,time.n.08,,Time,nl/p36/d0796,,,,,,,,,,,,,3,Dem,,,,,
time.n.08,,,,,,now,,EQU,nl/p36/d0796,,,,,,,,,,,,,,,,,,,
glimlachen.v.01,,Sing,glimlachen,VERB,WW|pv|verl|ev,person.n.01,nsubj,Agent,nl/p36/d2853,Fin,,,iedereen,PRON,VNW|onbep|pron|stan|vol|3p|ev,,Past,,3,Ind,,,,,,,,
glimlachen.v.01,,Sing,glimlachen,VERB,WW|pv|verl|ev,time.n.08,,Time,nl/p36/d2853,Fin,,,,,,,Past,,,,,,,,,,,
time.n.08,,,,,,now,,TPR,nl/p36/d2853,,,,,,,,,,,,,,,,,,,
terug_slaan.v.01,,Sing,terug_slaan,VERB,WW|pv|verl|ev,person.n.01,nsubj,Agent,nl/p69/d0849,Fin,,,zij,PRON,VNW|pers|pron|nomin|vol|3v|ev|fem,,Past,Nom,3,Prs,,,,,,,,
terug_slaan.v.01,,Sing,terug_slaan,VERB,WW|pv|verl|ev,time.n.08,,Time,nl/p69/d0849,Fin,,,,,,,Past,,,,,,,,,,,
time.n.08,,,,,,now,,TPR,nl/p69/d0849,,,,,,,,,,,,,,,,,,,
werken.v.01,,Sing,werken,VERB,WW|pv|tgw|met-t,time.n.08,,Time,nl/p69/d1391,Fin,,,,,,,Pres,,,,,,,,,,,
werken.v.01,,Sing,werken,VERB,WW|pv|tgw|met-t,female.n.02,nsubj,Agent,nl/p69/d1391,Fin,,,Raymond,PROPN,SPEC|deeleigen,,Pres,,,,,,,,,,,
time.n.08,,,,,,now,,EQU,nl/p69/d1391,,,,,,,,,,,,,,,,,,,
female.n.02,,,Raymond,PROPN,SPEC|deeleigen,Raymond,,Name,nl/p69/d1391,,,,,,,,,,,,,,,,,,,
houden.v.01,,Sing,houden,VERB,WW|pv|tgw|met-t,time.n.08,,Time,nl/p69/d1441,Fin,,,,,,,Pres,,,,,,,,,,,
time.n.08,,,,,,now,,EQU,nl/p69/d1441,,,,,,,,,,,,,,,,,,,
person.n.01,,,ik,PRON,VNW|pers|pron|nomin|vol|1|ev,speaker,,EQU,nl/p69/d0797,,,,,,,,,,,,Nom,1,Prs,,,,,
person.n.01,,,jou,PRON,VNW|pers|pron|obl|vol|2v|ev,hearer,,EQU,nl/p69/d0797,,,,,,,,,,,,Acc,2,Prs,,,,,
geven.v.01,,,geven,VERB,WW|inf|vrij|zonder,person.n.01,nsubj,Agent,nl/p69/d0797,Inf,,,ik,PRON,VNW|pers|pron|nomin|vol|1|ev,,,Nom,1,Prs,,,,,,,,
geven.v.01,,,geven,VERB,WW|inf|vrij|zonder,time.n.08,,Time,nl/p69/d0797,Inf,,,,,,,,,,,,,,,,,,
geven.v.01,,,geven,VERB,WW|inf|vrij|zonder,boek.n.01,obj,Theme,nl/p69/d0797,Inf,Neut,Sing,boek,NOUN,N|soort|ev|basis|onz|stan,,,,,,,,,,,,,
female.n.02,Com,Sing,Jezus,PROPN,N|eigen|ev|basis|zijd|stan,Jezus,,Name,nl/p69/d2470,,,,,,,,,,,,,,,,,,,
buikspier.n.01,,Plur,buikspier,NOUN,N|soort|mv|basis,staal.n.01,nmod,EQU,nl/p69/d2470,,Neut,Sing,staal,NOUN,N|soort|ev|basis|onz|stan,,,,,,,,,,,,,
stinken.v.01,,Sing,stinken,VERB,WW|pv|tgw|met-t,hond.n.01,nsubj,Theme,nl/p88/d0927,Fin,Com,Sing,hond,NOUN,N|soort|ev|basis|zijd|stan,,Pres,,,,,,,,,,,
stinken.v.01,,Sing,stinken,VERB,WW|pv|tgw|met-t,time.n.08,,Time,nl/p88/d0927,Fin,,,,,,,Pres,,,,,,,,,,,
time.n.08,,,,,,now,,EQU,nl/p88/d0927,,,,,,,,,,,,,,,,,,,
person.n.01,,,ik,PRON,VNW|pers|pron|nomin|vol|1|ev,speaker,,EQU,nl/p88/d0893,,,,,,,,,,,,Nom,1,Prs,,,,,
drinken.v.01,,Sing,drinken,VERB,WW|pv|verl|ev,person.n.01,nsubj,Agent,nl/p88/d0893,Fin,,,ik,PRON,VNW|pers|pron|nomin|vol|1|ev,,Past,Nom,1,Prs,,,,,,,,
drinken.v.01,,Sing,drinken,VERB,WW|pv|verl|ev,time.n.08,,Time,nl/p88/d0893,Fin,,,,,,,Past,,,,,,,,,,,
time.n.08,,,,,,now,,TPR,nl/p88/d0893,,,,,,,,,,,,,,,,,,,
person.n.01,,,wat,PRON,VNW|vb|pron|stan|vol|3o|ev,wissel_koers.n.01,nsubj,Co-Theme,nl/p88/d0871,,Com,Sing,wissel_koers,NOUN,N|soort|ev|basis|zijd|stan,,,,,,,3,Int,,,,,
person.n.01,,,wat,PRON,VNW|vb|pron|stan|vol|3o|ev,time.n.08,,Time,nl/p88/d0871,,,,,,,,,,,,,3,Int,,,,,
time.n.08,,,,,,now,,EQU,nl/p88/d0871,,,,,,,,,,,,,,,,,,,
kloppen.v.01,,Sing,kloppen,VERB,WW|pv|verl|ev,person.n.01,nsubj,Agent,nl/p88/d0837,Fin,,,hij,PRON,VNW|pers|pron|nomin|vol|3|ev|masc,,Past,Nom,3,Prs,,,,,,,,
kloppen.v.01,,Sing,kloppen,VERB,WW|pv|verl|ev,time.n.08,,Time,nl/p88/d0837,Fin,,,,,,,Past,,,,,,,,,,,
time.n.08,,,,,,now,,TPR,nl/p88/d0837,,,,,,,,,,,,,,,,,,,
yen.n.02,Com,Sing,yen,NOUN,N|soort|ev|basis|zijd|stan,duizend.n.01,nummod,Quantity,nl/p88/d0868,,,,duizend,NUM,TW|hoofd|prenom|stan,,,,,,,,,,,,,
kosten.v.01,,,kosten,VERB,WW|inf|vrij|zonder,time.n.08,,Time,nl/p88/d0868,Inf,,,,,,,,,,,,,,,,,,
person.n.01,,,ik,PRON,VNW|pers|pron|nomin|vol|1|ev,speaker,,EQU,nl/p89/d3011,,,,,,,,,,,,Nom,1,Prs,,,,,
tennisspeler.n.01,Com,Sing,tennisspeler,NOUN,N|soort|ev|basis|zijd|stan,person.n.01,nsubj,Theme,nl/p89/d3011,,,,ik,PRON,VNW|pers|pron|nomin|vol|1|ev,,,Nom,1,Prs,,,,,,,,
person.n.01,,,je,PRON,VNW|pers|pron|nomin|red|2v|ev,hearer,,EQU,nl/p89/d1924,,,,,,,,,,,,Nom,2,Prs,,,,,
time.n.08,,,,,,now,,EQU,nl/p89/d1924,,,,,,,,,,,,,,,,,,,
fotogeniek.a.01,,,fotogeniek,ADJ,ADJ|vrij|basis|zonder,time.n.08,,Time,nl/p89/d1924,,,,,,,Pos,,,,,,,,,,,,
female.n.02,Neut,Sing,Isral,PROPN,N|eigen|ev|basis|onz|stan,Isral,,Name,nl/p89/d0930,,,,,,,,,,,,,,,,,,,
land.n.01,Neut,Sing,land,NOUN,N|soort|ev|basis|onz|stan,female.n.02,nsubj,Theme,nl/p89/d0930,,Neut,Sing,Isral,PROPN,N|eigen|ev|basis|onz|stan,,,,,,,,,,,,,
land.n.01,Neut,Sing,land,NOUN,N|soort|ev|basis|onz|stan,time.n.08,,Time,nl/p89/d0930,,,,,,,,,,,,,,,,,,,
time.n.08,,,,,,now,,EQU,nl/p89/d0930,,,,,,,,,,,,,,,,,,,
person.n.01,,,ik,PRON,VNW|pers|pron|nomin|vol|1|ev,speaker,,EQU,nl/p89/d2504,,,,,,,,,,,,Nom,1,Prs,,,,,
person.n.01,,,ik,PRON,VNW|pers|pron|nomin|vol|1|ev,speaker,,EQU,nl/p89/d0887,,,,,,,,,,,,Nom,1,Prs,,,,,
terug_komen.v.01,,,terug_komen,VERB,WW|vd|vrij|zonder,time.n.08,,Time,nl/p89/d0887,Part,,,,,,,,,,,,,,,,,,
person.n.01,,,dit,PRON,VNW|aanw|pron|stan|vol|3o|ev,container.n.01,nsubj,Co-Theme,nl/p89/d2290,,Com,Sing,container,NOUN,N|soort|ev|basis|zijd|stan,,,,,,,3,Dem,,,,,
person.n.01,,,dit,PRON,VNW|aanw|pron|stan|vol|3o|ev,time.n.08,,Time,nl/p89/d2290,,,,,,,,,,,,,3,Dem,,,,,
time.n.08,,,,,,now,,EQU,nl/p89/d2290,,,,,,,,,,,,,,,,,,,
female.n.02,Com,Sing,Aurlie,PROPN,N|eigen|ev|basis|zijd|stan,Aurlie,,Name,nl/p89/d0907,,,,,,,,,,,,,,,,,,,
herderin.n.01,Com,Sing,herderin,NOUN,N|soort|ev|basis|zijd|stan,female.n.02,nsubj,Theme,nl/p89/d0907,,Com,Sing,Aurlie,PROPN,N|eigen|ev|basis|zijd|stan,,,,,,,,,,,,,
herderin.n.01,Com,Sing,herderin,NOUN,N|soort|ev|basis|zijd|stan,time.n.08,,Time,nl/p89/d0907,,,,,,,,,,,,,,,,,,,
time.n.08,,,,,,now,,EQU,nl/p89/d0907,,,,,,,,,,,,,,,,,,,
person.n.01,,,ik,PRON,VNW|pers|pron|nomin|vol|1|ev,speaker,,EQU,nl/p89/d0826,,,,,,,,,,,,Nom,1,Prs,,,,,
horen.v.01,,Sing,horen,VERB,WW|pv|verl|ev,time.n.08,,Time,nl/p89/d0826,Fin,,,,,,,Past,,,,,,,,,,,
time.n.08,,,,,,now,,TPR,nl/p89/d0826,,,,,,,,,,,,,,,,,,,
female.n.02,Com,Sing,Mary,PROPN,N|eigen|ev|basis|zijd|stan,Mary,,Name,nl/p06/d0927,,,,,,,,,,,,,,,,,,,
dragen.v.01,,Sing,dragen,VERB,WW|pv|tgw|met-t,female.n.02,nsubj,Agent,nl/p06/d0927,Fin,Com,Sing,Mary,PROPN,N|eigen|ev|basis|zijd|stan,,Pres,,,,,,,,,,,
dragen.v.01,,Sing,dragen,VERB,WW|pv|tgw|met-t,time.n.08,,Time,nl/p06/d0927,Fin,,,,,,,Pres,,,,,,,,,,,
dragen.v.01,,Sing,dragen,VERB,WW|pv|tgw|met-t,jurk.n.01,obj,Theme,nl/p06/d0927,Fin,Com,Sing,jurk,NOUN,N|soort|ev|basis|zijd|stan,,Pres,,,,,,,,,,,
time.n.08,,,,,,now,,EQU,nl/p06/d0927,,,,,,,,,,,,,,,,,,,
person.n.01,,,ik,PRON,VNW|pers|pron|nomin|vol|1|ev,speaker,,EQU,nl/p06/d2903,,,,,,,,,,,,Nom,1,Prs,,,,,
hebben.v.01,,Sing,hebben,VERB,WW|pv|tgw|ev,time.n.08,,Time,nl/p06/d2903,Fin,,,,,,,Pres,,,,,,,,,,,
hebben.v.01,,Sing,hebben,VERB,WW|pv|tgw|ev,kat.n.01,obj,Theme,nl/p06/d2903,Fin,,Plur,kat,NOUN,N|soort|mv|basis,,Pres,,,,,,,,,,,
time.n.08,,,,,,now,,EQU,nl/p06/d2903,,,,,,,,,,,,,,,,,,,
doden.v.01,,Sing,doden,VERB,WW|pv|verl|ev,person.n.01,nsubj,Agent,nl/p06/d0897,Fin,,,ze,PRON,VNW|pers|pron|stan|red|3|ev|fem,,Past,,3,Prs,,,,,,,,
doden.v.01,,Sing,doden,VERB,WW|pv|verl|ev,time.n.08,,Time,nl/p06/d0897,Fin,,,,,,,Past,,,,,,,,,,,
time.n.08,,,,,,now,,TPR,nl/p06/d0897,,,,,,,,,,,,,,,,,,,
oom.n.01,Com,Sing,oom,NOUN,N|soort|ev|basis|zijd|stan,person.n.01,nmod:poss,Role,nl/p06/d0911,,,,mijn,PRON,VNW|bez|det|stan|vol|1|ev|prenom|zonder|agr,,,,1,Prs,,,,,Yes,,,
geven.v.01,,Sing,geven,VERB,WW|pv|verl|ev,time.n.08,,Time,nl/p06/d0911,Fin,,,,,,,Past,,,,,,,,,,,
geven.v.01,,Sing,geven,VERB,WW|pv|verl|ev,geschenk.n.01,obj,Theme,nl/p06/d0911,Fin,Neut,Sing,geschenk,NOUN,N|soort|ev|basis|onz|stan,,Past,,,,,,,,,,,
time.n.08,,,,,,now,,TPR,nl/p06/d0911,,,,,,,,,,,,,,,,,,,
werken.v.01,,Sing,werken,VERB,WW|pv|tgw|met-t,person.n.01,nsubj,Agent,nl/p06/d0875,Fin,,,hij,PRON,VNW|pers|pron|nomin|vol|3|ev|masc,,Pres,Nom,3,Prs,,,,,,,,
werken.v.01,,Sing,werken,VERB,WW|pv|tgw|met-t,time.n.08,,Time,nl/p06/d0875,Fin,,,,,,,Pres,,,,,,,,,,,
time.n.08,,,,,,now,,EQU,nl/p06/d0875,,,,,,,,,,,,,,,,,,,
gewond.a.01,,,gewond,ADJ,ADJ|vrij|basis|zonder,time.n.08,,Time,nl/p06/d2730,,,,,,,Pos,,,,,,,,,,,,
person.n.01,,,ik,PRON,VNW|pers|pron|nomin|vol|1|ev,speaker,,EQU,nl/p06/d1466,,,,,,,,,,,,Nom,1,Prs,,,,,
haten.v.01,,Sing,haten,VERB,WW|pv|tgw|ev,time.n.08,,Time,nl/p06/d1466,Fin,,,,,,,Pres,,,,,,,,,,,
time.n.08,,,,,,now,,EQU,nl/p06/d1466,,,,,,,,,,,,,,,,,,,
wonen.v.01,,Sing,wonen,VERB,WW|pv|tgw|met-t,time.n.08,,Time,nl/p06/d0876,Fin,,,,,,,Pres,,,,,,,,,,,
time.n.08,,,,,,now,,EQU,nl/p06/d0876,,,,,,,,,,,,,,,,,,,
person.n.01,,,ik,PRON,VNW|pers|pron|nomin|vol|1|ev,speaker,,EQU,nl/p06/d0872,,,,,,,,,,,,Nom,1,Prs,,,,,
kiezen.v.01,,,kiezen,VERB,WW|vd|vrij|zonder,person.n.01,nsubj,Agent,nl/p06/d0872,Part,,,ik,PRON,VNW|pers|pron|nomin|vol|1|ev,,,Nom,1,Prs,,,,,,,,
verwoesten.v.01,,Sing,verwoesten,VERB,WW|pv|verl|ev,time.n.08,,Time,nl/p06/d3538,Fin,,,,,,,Past,,,,,,,,,,,
time.n.08,,,,,,now,,TPR,nl/p06/d3538,,,,,,,,,,,,,,,,,,,
gebouw.n.01,Neut,Sing,gebouw,NOUN,N|soort|ev|basis|onz|stan,hoog.a.01,amod,Attribute,nl/p06/d3538,,,,hoog,ADJ,ADJ|prenom|basis|met-e|stan,,,,,,,,,Pos,,,,
person.n.01,,,ik,PRON,VNW|pers|pron|nomin|vol|1|ev,speaker,,EQU,nl/p06/d0951,,,,,,,,,,,,Nom,1,Prs,,,,,
time.n.08,,,,,,now,,EQU,nl/p06/d0951,,,,,,,,,,,,,,,,,,,
slaperig.a.01,,,slaperig,ADJ,ADJ|vrij|basis|zonder,person.n.01,nsubj,AttributeOf,nl/p06/d0951,,,,ik,PRON,VNW|pers|pron|nomin|vol|1|ev,Pos,,Nom,1,Prs,,,,,,,,
slaperig.a.01,,,slaperig,ADJ,ADJ|vrij|basis|zonder,time.n.08,,Time,nl/p06/d0951,,,,,,,Pos,,,,,,,,,,,,
wachten.v.01,,Sing,wachten,VERB,WW|pv|verl|ev,time.n.08,,Time,nl/p06/d1898,Fin,,,,,,,Past,,,,,,,,,,,
time.n.08,,,,,,now,,TPR,nl/p06/d1898,,,,,,,,,,,,,,,,,,,
geboren.v.01,,,geboren,VERB,WW|vd|vrij|zonder,time.n.08,,Time,nl/p06/d0886,Part,,,,,,,,,,,,,,,,,,
geboren.v.01,,,geboren,VERB,WW|vd|vrij|zonder,female.n.02,obl,Location,nl/p06/d0886,Part,Neut,Sing,Thailand,PROPN,N|eigen|ev|basis|onz|stan,,,,,,,,,,,,,
female.n.02,Neut,Sing,Thailand,PROPN,N|eigen|ev|basis|onz|stan,Thailand,,Name,nl/p06/d0886,,,,,,,,,,,,,,,,,,,
duren.v.01,,Sing,duren,VERB,WW|pv|verl|ev,regen.n.01,nsubj,Theme,nl/p06/d0910,Fin,Com,Sing,regen,NOUN,N|soort|ev|basis|zijd|stan,,Past,,,,,,,,,,,
female.n.02,Com,Sing,Accardo,PROPN,N|eigen|ev|basis|zijd|stan,Accardo,,Name,nl/p29/d0711,,,,,,,,,,,,,,,,,,,
componeren.v.01,,Sing,componeren,VERB,WW|pv|verl|ev,female.n.02,nsubj,Agent,nl/p29/d0711,Fin,Com,Sing,Accardo,PROPN,N|eigen|ev|basis|zijd|stan,,Past,,,,,,,,,,,
componeren.v.01,,Sing,componeren,VERB,WW|pv|verl|ev,time.n.08,,Time,nl/p29/d0711,Fin,,,,,,,Past,,,,,,,,,,,
time.n.08,,,,,,now,,TPR,nl/p29/d0711,,,,,,,,,,,,,,,,,,,
time.n.08,,,,,,now,,EQU,nl/p29/d2716,,,,,,,,,,,,,,,,,,,
eenzaam.a.01,,,eenzaam,ADJ,ADJ|vrij|basis|zonder,meisje.n.01,nsubj,AttributeOf,nl/p29/d2716,,Neut,Sing,meisje,NOUN,N|soort|ev|dim|onz|stan,Pos,,,,,,,,,,,,
eenzaam.a.01,,,eenzaam,ADJ,ADJ|vrij|basis|zonder,time.n.08,,Time,nl/p29/d2716,,,,,,,Pos,,,,,,,,,,,,
gaan.v.01,,Sing,gaan,VERB,WW|pv|verl|ev,time.n.08,,Time,nl/p29/d2910,Fin,,,,,,,Past,,,,,,,,,,,
time.n.08,,,,,,now,,TPR,nl/p29/d2910,,,,,,,,,,,,,,,,,,,
female.n.02,Com,Sing,Jane,PROPN,N|eigen|ev|basis|zijd|stan,Jane,,Name,nl/p29/d2910,,,,,,,,,,,,,,,,,,,
female.n.02,Com,Sing,Belknap,PROPN,N|eigen|ev|basis|zijd|stan,Belknap,,Name,nl/p29/d0712,,,,,,,,,,,,,,,,,,,
female.n.02,Com,Sing,Maria,PROPN,N|eigen|ev|basis|zijd|stan,Maria,,Name,nl/p29/d2938,,,,,,,,,,,,,,,,,,,
roken.v.01,,Sing,roken,VERB,WW|pv|verl|ev,female.n.02,nsubj,Agent,nl/p29/d2938,Fin,Com,Sing,Maria,PROPN,N|eigen|ev|basis|zijd|stan,,Past,,,,,,,,,,,
roken.v.01,,Sing,roken,VERB,WW|pv|verl|ev,time.n.08,,Time,nl/p29/d2938,Fin,,,,,,,Past,,,,,,,,,,,
time.n.08,,,,,,now,,TPR,nl/p29/d2938,,,,,,,,,,,,,,,,,,,
person.n.01,,,ik,PRON,VNW|pers|pron|nomin|vol|1|ev,speaker,,EQU,nl/p29/d0816,,,,,,,,,,,,Nom,1,Prs,,,,,
kopen.v.01,,Sing,kopen,VERB,WW|pv|verl|ev,person.n.01,nsubj,Agent,nl/p29/d0816,Fin,,,ik,PRON,VNW|pers|pron|nomin|vol|1|ev,,Past,Nom,1,Prs,,,,,,,,
kopen.v.01,,Sing,kopen,VERB,WW|pv|verl|ev,time.n.08,,Time,nl/p29/d0816,Fin,,,,,,,Past,,,,,,,,,,,
kopen.v.01,,Sing,kopen,VERB,WW|pv|verl|ev,fototoestel.n.01,obj,Theme,nl/p29/d0816,Fin,Neut,Sing,fototoestel,NOUN,N|soort|ev|basis|onz|stan,,Past,,,,,,,,,,,
time.n.08,,,,,,now,,TPR,nl/p29/d0816,,,,,,,,,,,,,,,,,,,
toe_zwaaien.v.01,,Sing,toe_zwaaien,VERB,WW|pv|verl|ev,person.n.01,nsubj,Agent,nl/p76/d0920,Fin,,,ze,PRON,VNW|pers|pron|stan|red|3|ev|fem,,Past,,3,Prs,,,,,,,,
toe_zwaaien.v.01,,Sing,toe_zwaaien,VERB,WW|pv|verl|ev,person.n.01,obj,Time,nl/p76/d0920,Fin,,,me,PRON,VNW|pr|pron|obl|red|1|ev,,Past,Acc,1,Prs,,,,,,,,
toe_zwaaien.v.01,,Sing,toe_zwaaien,VERB,WW|pv|verl|ev,gedag.a.01,xcomp,Theme,nl/p76/d0920,Fin,,,gedag,ADJ,ADJ|vrij|basis|zonder,,Past,,,,,,,Pos,,,,
person.n.01,,,ik,PRON,VNW|pers|pron|nomin|vol|1|ev,speaker,,EQU,nl/p76/d2201,,,,,,,,,,,,Nom,1,Prs,,,,,
spreken.v.01,,Sing,spreken,VERB,WW|pv|tgw|ev,person.n.01,nsubj,Agent,nl/p76/d2201,Fin,,,ik,PRON,VNW|pers|pron|nomin|vol|1|ev,,Pres,Nom,1,Prs,,,,,,,,
spreken.v.01,,Sing,spreken,VERB,WW|pv|tgw|ev,time.n.08,,Time,nl/p76/d2201,Fin,,,,,,,Pres,,,,,,,,,,,
spreken.v.01,,Sing,spreken,VERB,WW|pv|tgw|ev,Ests..n.01,obj,Theme,nl/p76/d2201,Fin,Com,Sing,Ests.,NOUN,N|soort|ev|basis|zijd|stan,,Pres,,,,,,,,,,,
time.n.08,,,,,,now,,EQU,nl/p76/d2201,,,,,,,,,,,,,,,,,,,
person.n.01,,,ik,PRON,VNW|pers|pron|nomin|vol|1|ev,speaker,,EQU,nl/p76/d0904,,,,,,,,,,,,Nom,1,Prs,,,,,
werken.v.01,,Sing,werken,VERB,WW|pv|tgw|met-t,time.n.08,,Time,nl/p56/d1391,Fin,,,,,,,Pres,,,,,,,,,,,
werken.v.01,,Sing,werken,VERB,WW|pv|tgw|met-t,female.n.02,nsubj,Agent,nl/p56/d1391,Fin,,,Sid,PROPN,SPEC|deeleigen,,Pres,,,,,,,,,,,
time.n.08,,,,,,now,,EQU,nl/p56/d1391,,,,,,,,,,,,,,,,,,,
female.n.02,,,Sid,PROPN,SPEC|deeleigen,Sid,,Name,nl/p56/d1391,,,,,,,,,,,,,,,,,,,
gitaar.n.01,Com,Sing,gitaar,NOUN,N|soort|ev|basis|zijd|stan,time.n.08,,Time,nl/p56/d0877,,,,,,,,,,,,,,,,,,,
time.n.08,,,,,,now,,EQU,nl/p56/d0877,,,,,,,,,,,,,,,,,,,
person.n.01,,,ik,PRON,VNW|pers|pron|nomin|vol|1|ev,speaker,,EQU,nl/p56/d0912,,,,,,,,,,,,Nom,1,Prs,,,,,
begrijpen.v.01,,Sing,begrijpen,VERB,WW|pv|tgw|ev,time.n.08,,Time,nl/p56/d0912,Fin,,,,,,,Pres,,,,,,,,,,,
time.n.08,,,,,,now,,EQU,nl/p56/d0912,,,,,,,,,,,,,,,,,,,
zijn.v.01,,Sing,zijn,VERB,WW|pv|tgw|ev,time.n.08,,Time,nl/p56/d0785,Fin,,,,,,,Pres,,,,,,,,,,,
zijn.v.01,,Sing,zijn,VERB,WW|pv|tgw|ev,bushalte.n.01,nsubj,Theme,nl/p56/d0785,Fin,Com,Sing,bushalte,NOUN,N|soort|ev|basis|zijd|stan,,Pres,,,,,,,,,,,
time.n.08,,,,,,now,,EQU,nl/p56/d0785,,,,,,,,,,,,,,,,,,,
